scanning 1215 tanks ...
[PkgExtractor] Lookup: 449,375 entries <- TheItemList.xml (root=<FileList>)
[PkgExtractor] pkg_dir: C:\Games\World_of_Tanks_NA\res\packages  (59 archives after dropping 143 maps + non-vehicle bundles, 449375 lookup entries)
[PkgExtractor] Pre-opened 59/59 archives in 1813 ms
[PkgExtractor:timing] extract a/Ch00_ClingeBot_SH/normal/lod0/Chassis.primitives_processed  route=missing     scans=59    267.7 ms
  [50/1215] 0.3s, 185.6 tanks/s, flags={'ERR': 50}
[PkgExtractor] Chassis.primitives_processed <- vehicles_level_01.pkg

Found 4 primitive group(s):
  [+v +i -u2 -c] chassis_RShape
  [+v +i -u2 -c] chassis_LShape
  [+v +i +u2 -c] track_RShape
  [+v +i +u2 -c] track_LShape
  Vertex format: 'BPVTxyznuviiiwwtb' stride=40 count=4394 BPVT=True real_normals=False bones=True tangents=True uv2=False flip_z=False
  Vertex format: 'BPVTxyznuviiiwwtb' stride=40 count=4394 BPVT=True real_normals=False bones=True tangents=True uv2=False flip_z=False
  Vertex format: 'BPVTxyznuviiiwwtb' stride=40 count=1565 BPVT=True real_normals=False bones=True tangents=True uv2=False flip_z=False
  [uv2] 'track_RShape': format='BPVSuv2'  count=1565  body_offset=136  -- parsed sidecar UV2 section
  Vertex format: 'BPVTxyznuviiiwwtb' stride=40 count=1565 BPVT=True real_normals=False bones=True tangents=True uv2=False flip_z=False
  [uv2] 'track_LShape': format='BPVSuv2'  count=1565  body_offset=136  -- parsed sidecar UV2 section
  UV2 SUMMARY: 2 of 4 group(s) carry a second UV set (via interleaved format OR sidecar .uv2 section):
    + track_RShape
    + track_LShape
  Distinct vertex formats in this file: 'BPVTxyznuviiiwwtb'
[PkgExtractor] Chassis.primitives_processed <- vehicles_level_02.pkg

Found 4 primitive group(s):
  [+v +i -u2 -c] chassis_RShape
  [+v +i -u2 -c] chassis_LShape
  [+v +i +u2 -c] track_L_Shape
  [+v +i +u2 -c] track_R_Shape
  Vertex format: 'BPVTxyznuviiiwwtb' stride=40 count=13120 BPVT=True real_normals=False bones=True tangents=True uv2=False flip_z=False
  Vertex format: 'BPVTxyznuviiiwwtb' stride=40 count=13120 BPVT=True real_normals=False bones=True tangents=True uv2=False flip_z=False
  Vertex format: 'BPVTxyznuviiiwwtb' stride=40 count=1794 BPVT=True real_normals=False bones=True tangents=True uv2=False flip_z=False
  [uv2] 'track_L_Shape': format='BPVSuv2'  count=1794  body_offset=136  -- parsed sidecar UV2 section
  Vertex format: 'BPVTxyznuviiiwwtb' stride=40 count=1794 BPVT=True real_normals=False bones=True tangents=True uv2=False flip_z=False
  [uv2] 'track_R_Shape': format='BPVSuv2'  count=1794  body_offset=136  -- parsed sidecar UV2 section
  UV2 SUMMARY: 2 of 4 group(s) carry a second UV set (via interleaved format OR sidecar .uv2 section):
    + track_L_Shape
    + track_R_Shape
  Distinct vertex formats in this file: 'BPVTxyznuviiiwwtb'
[PkgExtractor] Chassis.primitives_processed <- vehicles_level_03.pkg

Found 4 primitive group(s):
  [+v +i -u2 -c] chassis_RShape11
  [+v +i -u2 -c] chassis_LShape11
  [+v +i +u2 -c] track_RShape4
  [+v +i +u2 -c] track_LShape4
  Vertex format: 'BPVTxyznuviiiwwtb' stride=40 count=5641 BPVT=True real_normals=False bones=True tangents=True uv2=False flip_z=False
  Vertex format: 'BPVTxyznuviiiwwtb' stride=40 count=5641 BPVT=True real_normals=False bones=True tangents=True uv2=False flip_z=False
  Vertex format: 'BPVTxyznuviiiwwtb' stride=40 count=1404 BPVT=True real_normals=False bones=True tangents=True uv2=False flip_z=False
  [uv2] 'track_RShape4': format='BPVSuv2'  count=1404  body_offset=136  -- parsed sidecar UV2 section
  Vertex format: 'BPVTxyznuviiiwwtb' stride=40 count=1404 BPVT=True real_normals=False bones=True tangents=True uv2=False flip_z=False
  [uv2] 'track_LShape4': format='BPVSuv2'  count=1404  body_offset=136  -- parsed sidecar UV2 section
  UV2 SUMMARY: 2 of 4 group(s) carry a second UV set (via interleaved format OR sidecar .uv2 section):
    + track_RShape4
    + track_LShape4
  Distinct vertex formats in this file: 'BPVTxyznuviiiwwtb'
[PkgExtractor] Chassis.primitives_processed <- vehicles_level_03.pkg

Found 4 primitive group(s):
  [+v +i +u2 -c] track_R_Shape
  [+v +i +u2 -c] track_L_Shape
  [+v +i -u2 -c] exportChassL1_Shape
  [+v +i -u2 -c] exportChassR1_Shape
  Vertex format: 'BPVTxyznuviiiwwtb' stride=40 count=1210 BPVT=True real_normals=False bones=True tangents=True uv2=False flip_z=False
  [uv2] 'track_R_Shape': format='BPVSuv2'  count=1210  body_offset=136  -- parsed sidecar UV2 section
  Vertex format: 'BPVTxyznuviiiwwtb' stride=40 count=1210 BPVT=True real_normals=False bones=True tangents=True uv2=False flip_z=False
  [uv2] 'track_L_Shape': format='BPVSuv2'  count=1210  body_offset=136  -- parsed sidecar UV2 section
  Vertex format: 'BPVTxyznuviiiwwtb' stride=40 count=4053 BPVT=True real_normals=False bones=True tangents=True uv2=False flip_z=False
  Vertex format: 'BPVTxyznuviiiwwtb' stride=40 count=4051 BPVT=True real_normals=False bones=True tangents=True uv2=False flip_z=False
  UV2 SUMMARY: 2 of 4 group(s) carry a second UV set (via interleaved format OR sidecar .uv2 section):
    + track_R_Shape
    + track_L_Shape
  Distinct vertex formats in this file: 'BPVTxyznuviiiwwtb'
[PkgExtractor] Chassis.primitives_processed <- vehicles_level_04.pkg

Found 4 primitive group(s):
  [+v +i -u2 -c] chassis_RShape
  [+v +i -u2 -c] chassis_LShape
  [+v +i +u2 -c] track_RShape
  [+v +i +u2 -c] track_LShape
  Vertex format: 'BPVTxyznuviiiwwtb' stride=40 count=10856 BPVT=True real_normals=False bones=True tangents=True uv2=False flip_z=False
  Vertex format: 'BPVTxyznuviiiwwtb' stride=40 count=10856 BPVT=True real_normals=False bones=True tangents=True uv2=False flip_z=False
  Vertex format: 'BPVTxyznuviiiwwtb' stride=40 count=1496 BPVT=True real_normals=False bones=True tangents=True uv2=False flip_z=False
  [uv2] 'track_RShape': format='BPVSuv2'  count=1496  body_offset=136  -- parsed sidecar UV2 section
  Vertex format: 'BPVTxyznuviiiwwtb' stride=40 count=1496 BPVT=True real_normals=False bones=True tangents=True uv2=False flip_z=False
  [uv2] 'track_LShape': format='BPVSuv2'  count=1496  body_offset=136  -- parsed sidecar UV2 section
  UV2 SUMMARY: 2 of 4 group(s) carry a second UV set (via interleaved format OR sidecar .uv2 section):
    + track_RShape
    + track_LShape
  Distinct vertex formats in this file: 'BPVTxyznuviiiwwtb'
[PkgExtractor] Chassis.primitives_processed <- vehicles_level_04.pkg

Found 4 primitive group(s):
  [+v +i +u2 -c] track_R_Shape
  [+v +i +u2 -c] track_L_Shape
  [+v +i -u2 -c] chassis_L_Shape
  [+v +i -u2 -c] chassis_R_Shape
  Vertex format: 'BPVTxyznuviiiwwtb' stride=40 count=1488 BPVT=True real_normals=False bones=True tangents=True uv2=False flip_z=False
  [uv2] 'track_R_Shape': format='BPVSuv2'  count=1488  body_offset=136  -- parsed sidecar UV2 section
  Vertex format: 'BPVTxyznuviiiwwtb' stride=40 count=1488 BPVT=True real_normals=False bones=True tangents=True uv2=False flip_z=False
  [uv2] 'track_L_Shape': format='BPVSuv2'  count=1488  body_offset=136  -- parsed sidecar UV2 section
  Vertex format: 'BPVTxyznuviiiwwtb' stride=40 count=10975 BPVT=True real_normals=False bones=True tangents=True uv2=False flip_z=False
  Vertex format: 'BPVTxyznuviiiwwtb' stride=40 count=10975 BPVT=True real_normals=False bones=True tangents=True uv2=False flip_z=False
  UV2 SUMMARY: 2 of 4 group(s) carry a second UV set (via interleaved format OR sidecar .uv2 section):
    + track_R_Shape
    + track_L_Shape
  Distinct vertex formats in this file: 'BPVTxyznuviiiwwtb'
[PkgExtractor] Chassis.primitives_processed <- vehicles_level_05-part1.pkg

Found 4 primitive group(s):
  [+v +i -u2 -c] chassis_RShape
  [+v +i -u2 -c] chassis_LShape
  [+v +i +u2 -c] track_RShape
  [+v +i +u2 -c] track_LShape
  Vertex format: 'BPVTxyznuviiiwwtb' stride=40 count=8162 BPVT=True real_normals=False bones=True tangents=True uv2=False flip_z=False
  Vertex format: 'BPVTxyznuviiiwwtb' stride=40 count=8162 BPVT=True real_normals=False bones=True tangents=True uv2=False flip_z=False
  Vertex format: 'BPVTxyznuviiiwwtb' stride=40 count=1676 BPVT=True real_normals=False bones=True tangents=True uv2=False flip_z=False
  [uv2] 'track_RShape': format='BPVSuv2'  count=1676  body_offset=136  -- parsed sidecar UV2 section
  Vertex format: 'BPVTxyznuviiiwwtb' stride=40 count=1676 BPVT=True real_normals=False bones=True tangents=True uv2=False flip_z=False
  [uv2] 'track_LShape': format='BPVSuv2'  count=1676  body_offset=136  -- parsed sidecar UV2 section
  UV2 SUMMARY: 2 of 4 group(s) carry a second UV set (via interleaved format OR sidecar .uv2 section):
    + track_RShape
    + track_LShape
  Distinct vertex formats in this file: 'BPVTxyznuviiiwwtb'
[PkgExtractor] Chassis.primitives_processed <- vehicles_level_06-part2.pkg

Found 4 primitive group(s):
  [+v +i -u2 -c] lod0_chassis_01_chassis_R_chassis_R_Shape
  [+v +i -u2 -c] lod0_chassis_01_chassis_L_chassis_L_Shape
  [+v +i +u2 -c] track_RShape4
  [+v +i +u2 -c] track_LShape4
  Vertex format: 'BPVTxyznuviiiwwtb' stride=40 count=8309 BPVT=True real_normals=False bones=True tangents=True uv2=False flip_z=False
  Vertex format: 'BPVTxyznuviiiwwtb' stride=40 count=8309 BPVT=True real_normals=False bones=True tangents=True uv2=False flip_z=False
  Vertex format: 'BPVTxyznuviiiwwtb' stride=40 count=1860 BPVT=True real_normals=False bones=True tangents=True uv2=False flip_z=False
  [uv2] 'track_RShape4': format='BPVSuv2'  count=1860  body_offset=136  -- parsed sidecar UV2 section
  Vertex format: 'BPVTxyznuviiiwwtb' stride=40 count=1860 BPVT=True real_normals=False bones=True tangents=True uv2=False flip_z=False
  [uv2] 'track_LShape4': format='BPVSuv2'  count=1860  body_offset=136  -- parsed sidecar UV2 section
  UV2 SUMMARY: 2 of 4 group(s) carry a second UV set (via interleaved format OR sidecar .uv2 section):
    + track_RShape4
    + track_LShape4
  Distinct vertex formats in this file: 'BPVTxyznuviiiwwtb'
[PkgExtractor] Chassis.primitives_processed <- vehicles_level_06-part1.pkg

Found 4 primitive group(s):
  [+v +i +u2 -c] track_RShape
  [+v +i +u2 -c] track_LShape
  [+v +i -u2 -c] chassis_RShape11
  [+v +i -u2 -c] chassis_LShape11
  Vertex format: 'BPVTxyznuviiiwwtb' stride=40 count=1676 BPVT=True real_normals=False bones=True tangents=True uv2=False flip_z=False
  [uv2] 'track_RShape': format='BPVSuv2'  count=1676  body_offset=136  -- parsed sidecar UV2 section
  Vertex format: 'BPVTxyznuviiiwwtb' stride=40 count=1676 BPVT=True real_normals=False bones=True tangents=True uv2=False flip_z=False
  [uv2] 'track_LShape': format='BPVSuv2'  count=1676  body_offset=136  -- parsed sidecar UV2 section
  Vertex format: 'BPVTxyznuviiiwwtb' stride=40 count=8605 BPVT=True real_normals=False bones=True tangents=True uv2=False flip_z=False
  Vertex format: 'BPVTxyznuviiiwwtb' stride=40 count=8604 BPVT=True real_normals=False bones=True tangents=True uv2=False flip_z=False
  UV2 SUMMARY: 2 of 4 group(s) carry a second UV set (via interleaved format OR sidecar .uv2 section):
    + track_RShape
    + track_LShape
  Distinct vertex formats in this file: 'BPVTxyznuviiiwwtb'
[PkgExtractor] Chassis.primitives_processed <- vehicles_level_07-part2.pkg

Found 6 primitive group(s):
  [+v +i -u2 -c] chassis_R_Shape
  [+v +i -u2 -c] chassis_L_Shape
  [+v +i +u2 -c] track_R_Shape_split_1
  [+v +i +u2 -c] track_R_Shape_split_0
  [+v +i +u2 -c] track_L_Shape_split_1
  [+v +i +u2 -c] track_L_Shape_split_0
  Vertex format: 'BPVTxyznuviiiwwtb' stride=40 count=4391 BPVT=True real_normals=False bones=True tangents=True uv2=False flip_z=False
  Vertex format: 'BPVTxyznuviiiwwtb' stride=40 count=4391 BPVT=True real_normals=False bones=True tangents=True uv2=False flip_z=False
  Vertex format: 'BPVTxyznuviiiwwtb' stride=40 count=198 BPVT=True real_normals=False bones=True tangents=True uv2=False flip_z=False
  [uv2] 'track_R_Shape_split_1': format='BPVSuv2'  count=198  body_offset=136  -- parsed sidecar UV2 section
  Vertex format: 'BPVTxyznuviiiwwtb' stride=40 count=1008 BPVT=True real_normals=False bones=True tangents=True uv2=False flip_z=False
  [uv2] 'track_R_Shape_split_0': format='BPVSuv2'  count=1008  body_offset=136  -- parsed sidecar UV2 section
  Vertex format: 'BPVTxyznuviiiwwtb' stride=40 count=198 BPVT=True real_normals=False bones=True tangents=True uv2=False flip_z=False
  [uv2] 'track_L_Shape_split_1': format='BPVSuv2'  count=198  body_offset=136  -- parsed sidecar UV2 section
  Vertex format: 'BPVTxyznuviiiwwtb' stride=40 count=1008 BPVT=True real_normals=False bones=True tangents=True uv2=False flip_z=False
  [uv2] 'track_L_Shape_split_0': format='BPVSuv2'  count=1008  body_offset=136  -- parsed sidecar UV2 section
  UV2 SUMMARY: 4 of 6 group(s) carry a second UV set (via interleaved format OR sidecar .uv2 section):
    + track_R_Shape_split_1
    + track_R_Shape_split_0
    + track_L_Shape_split_1
    + track_L_Shape_split_0
  Distinct vertex formats in this file: 'BPVTxyznuviiiwwtb'
[PkgExtractor] Chassis.primitives_processed <- vehicles_level_07-part1.pkg

Found 4 primitive group(s):
  [+v +i +u2 -c] track_R_Shape
  [+v +i +u2 -c] track_L_Shape
  [+v +i -u2 -c] exportChassL1_Shape
  [+v +i -u2 -c] exportChassR1_Shape
  Vertex format: 'BPVTxyznuviiiwwtb' stride=40 count=1398 BPVT=True real_normals=False bones=True tangents=True uv2=False flip_z=False
  [uv2] 'track_R_Shape': format='BPVSuv2'  count=1398  body_offset=136  -- parsed sidecar UV2 section
  Vertex format: 'BPVTxyznuviiiwwtb' stride=40 count=1398 BPVT=True real_normals=False bones=True tangents=True uv2=False flip_z=False
  [uv2] 'track_L_Shape': format='BPVSuv2'  count=1398  body_offset=136  -- parsed sidecar UV2 section
  Vertex format: 'BPVTxyznuviiiwwtb' stride=40 count=9925 BPVT=True real_normals=False bones=True tangents=True uv2=False flip_z=False
  Vertex format: 'BPVTxyznuviiiwwtb' stride=40 count=9925 BPVT=True real_normals=False bones=True tangents=True uv2=False flip_z=False
  UV2 SUMMARY: 2 of 4 group(s) carry a second UV set (via interleaved format OR sidecar .uv2 section):
    + track_R_Shape
    + track_L_Shape
  Distinct vertex formats in this file: 'BPVTxyznuviiiwwtb'
[PkgExtractor] Chassis.primitives_processed <- vehicles_level_07-part2.pkg

Found 4 primitive group(s):
  [+v +i +u2 -c] track_L_Shape
  [+v +i +u2 -c] track_R_Shape
  [+v +i -u2 -c] exportChassL1_Shape
  [+v +i -u2 -c] exportChassR1_Shape
  Vertex format: 'BPVTxyznuviiiwwtb' stride=40 count=1170 BPVT=True real_normals=False bones=True tangents=True uv2=False flip_z=False
  [uv2] 'track_L_Shape': format='BPVSuv2'  count=1170  body_offset=136  -- parsed sidecar UV2 section
  Vertex format: 'BPVTxyznuviiiwwtb' stride=40 count=1170 BPVT=True real_normals=False bones=True tangents=True uv2=False flip_z=False
  [uv2] 'track_R_Shape': format='BPVSuv2'  count=1170  body_offset=136  -- parsed sidecar UV2 section
  Vertex format: 'BPVTxyznuviiiwwtb' stride=40 count=8966 BPVT=True real_normals=False bones=True tangents=True uv2=False flip_z=False
  Vertex format: 'BPVTxyznuviiiwwtb' stride=40 count=8966 BPVT=True real_normals=False bones=True tangents=True uv2=False flip_z=False
  UV2 SUMMARY: 2 of 4 group(s) carry a second UV set (via interleaved format OR sidecar .uv2 section):
    + track_L_Shape
    + track_R_Shape
  Distinct vertex formats in this file: 'BPVTxyznuviiiwwtb'
[PkgExtractor] Chassis.primitives_processed <- vehicles_level_07-part2.pkg

Found 4 primitive group(s):
  [+v +i +u2 -c] track_R_Shape
  [+v +i +u2 -c] track_L_Shape
  [+v +i -u2 -c] exportChassL1_Shape
  [+v +i -u2 -c] exportChassR1_Shape
  Vertex format: 'BPVTxyznuviiiwwtb' stride=40 count=1200 BPVT=True real_normals=False bones=True tangents=True uv2=False flip_z=False
  [uv2] 'track_R_Shape': format='BPVSuv2'  count=1200  body_offset=136  -- parsed sidecar UV2 section
  Vertex format: 'BPVTxyznuviiiwwtb' stride=40 count=1200 BPVT=True real_normals=False bones=True tangents=True uv2=False flip_z=False
  [uv2] 'track_L_Shape': format='BPVSuv2'  count=1200  body_offset=136  -- parsed sidecar UV2 section
  Vertex format: 'BPVTxyznuviiiwwtb' stride=40 count=8099 BPVT=True real_normals=False bones=True tangents=True uv2=False flip_z=False
  Vertex format: 'BPVTxyznuviiiwwtb' stride=40 count=8099 BPVT=True real_normals=False bones=True tangents=True uv2=False flip_z=False
  UV2 SUMMARY: 2 of 4 group(s) carry a second UV set (via interleaved format OR sidecar .uv2 section):
    + track_R_Shape
    + track_L_Shape
  Distinct vertex formats in this file: 'BPVTxyznuviiiwwtb'
[PkgExtractor] Chassis.primitives_processed <- vehicles_level_08-part2.pkg

Found 4 primitive group(s):
  [+v +i -u2 -c] chassis_R_Shape
  [+v +i -u2 -c] chassis_L_Shape
  [+v +i +u2 -c] track_R_Shape
  [+v +i +u2 -c] track_L_Shape
  Vertex format: 'BPVTxyznuviiiwwtb' stride=40 count=7478 BPVT=True real_normals=False bones=True tangents=True uv2=False flip_z=False
  Vertex format: 'BPVTxyznuviiiwwtb' stride=40 count=7478 BPVT=True real_normals=False bones=True tangents=True uv2=False flip_z=False
  Vertex format: 'BPVTxyznuviiiwwtb' stride=40 count=1024 BPVT=True real_normals=False bones=True tangents=True uv2=False flip_z=False
  [uv2] 'track_R_Shape': format='BPVSuv2'  count=1024  body_offset=136  -- parsed sidecar UV2 section
  Vertex format: 'BPVTxyznuviiiwwtb' stride=40 count=1024 BPVT=True real_normals=False bones=True tangents=True uv2=False flip_z=False
  [uv2] 'track_L_Shape': format='BPVSuv2'  count=1024  body_offset=136  -- parsed sidecar UV2 section
  UV2 SUMMARY: 2 of 4 group(s) carry a second UV set (via interleaved format OR sidecar .uv2 section):
    + track_R_Shape
    + track_L_Shape
  Distinct vertex formats in this file: 'BPVTxyznuviiiwwtb'
[PkgExtractor] Chassis.primitives_processed <- vehicles_level_08-part1.pkg

Found 4 primitive group(s):
  [+v +i +u2 -c] track_L_Shape
  [+v +i +u2 -c] track_R_Shape
  [+v +i -u2 -c] exportChassL1_Shape
  [+v +i -u2 -c] exportChassR1_Shape
  Vertex format: 'BPVTxyznuviiiwwtb' stride=40 count=1260 BPVT=True real_normals=False bones=True tangents=True uv2=False flip_z=False
  [uv2] 'track_L_Shape': format='BPVSuv2'  count=1260  body_offset=136  -- parsed sidecar UV2 section
  Vertex format: 'BPVTxyznuviiiwwtb' stride=40 count=1224 BPVT=True real_normals=False bones=True tangents=True uv2=False flip_z=False
  [uv2] 'track_R_Shape': format='BPVSuv2'  count=1224  body_offset=136  -- parsed sidecar UV2 section
  Vertex format: 'BPVTxyznuviiiwwtb' stride=40 count=7804 BPVT=True real_normals=False bones=True tangents=True uv2=False flip_z=False
  Vertex format: 'BPVTxyznuviiiwwtb' stride=40 count=7576 BPVT=True real_normals=False bones=True tangents=True uv2=False flip_z=False
  UV2 SUMMARY: 2 of 4 group(s) carry a second UV set (via interleaved format OR sidecar .uv2 section):
    + track_L_Shape
    + track_R_Shape
  Distinct vertex formats in this file: 'BPVTxyznuviiiwwtb'
  [100/1215] 3.6s, 27.7 tanks/s, flags={'ERR': 85, 'ALLSHP': 15}
[PkgExtractor] Chassis.primitives_processed <- vehicles_level_08-part3.pkg

Found 4 primitive group(s):
  [+v +i +u2 -c] track_L_Shape
  [+v +i +u2 -c] track_R_Shape
  [+v +i -u2 -c] exportChassL1_Shape
  [+v +i -u2 -c] exportChassR1_Shape
  Vertex format: 'BPVTxyznuviiiwwtb' stride=40 count=1882 BPVT=True real_normals=False bones=True tangents=True uv2=False flip_z=False
  [uv2] 'track_L_Shape': format='BPVSuv2'  count=1882  body_offset=136  -- parsed sidecar UV2 section
  Vertex format: 'BPVTxyznuviiiwwtb' stride=40 count=1882 BPVT=True real_normals=False bones=True tangents=True uv2=False flip_z=False
  [uv2] 'track_R_Shape': format='BPVSuv2'  count=1882  body_offset=136  -- parsed sidecar UV2 section
  Vertex format: 'BPVTxyznuviiiwwtb' stride=40 count=8993 BPVT=True real_normals=False bones=True tangents=True uv2=False flip_z=False
  Vertex format: 'BPVTxyznuviiiwwtb' stride=40 count=8993 BPVT=True real_normals=False bones=True tangents=True uv2=False flip_z=False
  UV2 SUMMARY: 2 of 4 group(s) carry a second UV set (via interleaved format OR sidecar .uv2 section):
    + track_L_Shape
    + track_R_Shape
  Distinct vertex formats in this file: 'BPVTxyznuviiiwwtb'
[PkgExtractor] Chassis.primitives_processed <- vehicles_level_08-part2.pkg

Found 4 primitive group(s):
  [+v +i +u2 -c] track_L_Shape
  [+v +i +u2 -c] track_R_Shape
  [+v +i -u2 -c] exportChassL1_Shape
  [+v +i -u2 -c] exportChassR1_Shape
  Vertex format: 'BPVTxyznuviiiwwtb' stride=40 count=1953 BPVT=True real_normals=False bones=True tangents=True uv2=False flip_z=False
  [uv2] 'track_L_Shape': format='BPVSuv2'  count=1953  body_offset=136  -- parsed sidecar UV2 section
  Vertex format: 'BPVTxyznuviiiwwtb' stride=40 count=1953 BPVT=True real_normals=False bones=True tangents=True uv2=False flip_z=False
  [uv2] 'track_R_Shape': format='BPVSuv2'  count=1953  body_offset=136  -- parsed sidecar UV2 section
  Vertex format: 'BPVTxyznuviiiwwtb' stride=40 count=8600 BPVT=True real_normals=False bones=True tangents=True uv2=False flip_z=False
  Vertex format: 'BPVTxyznuviiiwwtb' stride=40 count=8600 BPVT=True real_normals=False bones=True tangents=True uv2=False flip_z=False
  UV2 SUMMARY: 2 of 4 group(s) carry a second UV set (via interleaved format OR sidecar .uv2 section):
    + track_L_Shape
    + track_R_Shape
  Distinct vertex formats in this file: 'BPVTxyznuviiiwwtb'
[PkgExtractor] Chassis.primitives_processed <- vehicles_level_08-part1.pkg

Found 4 primitive group(s):
  [+v +i +u2 -c] track_L_Shape
  [+v +i +u2 -c] track_R_Shape
  [+v +i -u2 -c] exportChassL1_Shape
  [+v +i -u2 -c] exportChassR1_Shape
  Vertex format: 'BPVTxyznuviiiwwtb' stride=40 count=1360 BPVT=True real_normals=False bones=True tangents=True uv2=False flip_z=False
  [uv2] 'track_L_Shape': format='BPVSuv2'  count=1360  body_offset=136  -- parsed sidecar UV2 section
  Vertex format: 'BPVTxyznuviiiwwtb' stride=40 count=1340 BPVT=True real_normals=False bones=True tangents=True uv2=False flip_z=False
  [uv2] 'track_R_Shape': format='BPVSuv2'  count=1340  body_offset=136  -- parsed sidecar UV2 section
  Vertex format: 'BPVTxyznuviiiwwtb' stride=40 count=6946 BPVT=True real_normals=False bones=True tangents=True uv2=False flip_z=False
  Vertex format: 'BPVTxyznuviiiwwtb' stride=40 count=6946 BPVT=True real_normals=False bones=True tangents=True uv2=False flip_z=False
  UV2 SUMMARY: 2 of 4 group(s) carry a second UV set (via interleaved format OR sidecar .uv2 section):
    + track_L_Shape
    + track_R_Shape
  Distinct vertex formats in this file: 'BPVTxyznuviiiwwtb'
[PkgExtractor] Chassis.primitives_processed <- vehicles_level_08-part2.pkg

Found 4 primitive group(s):
  [+v +i +u2 -c] track_R_Shape
  [+v +i +u2 -c] track_L_Shape
  [+v +i -u2 -c] exportChassL1_Shape
  [+v +i -u2 -c] exportChassR1_Shape
  Vertex format: 'BPVTxyznuviiiwwtb' stride=40 count=1804 BPVT=True real_normals=False bones=True tangents=True uv2=False flip_z=False
  [uv2] 'track_R_Shape': format='BPVSuv2'  count=1804  body_offset=136  -- parsed sidecar UV2 section
  Vertex format: 'BPVTxyznuviiiwwtb' stride=40 count=1804 BPVT=True real_normals=False bones=True tangents=True uv2=False flip_z=False
  [uv2] 'track_L_Shape': format='BPVSuv2'  count=1804  body_offset=136  -- parsed sidecar UV2 section
  Vertex format: 'BPVTxyznuviiiwwtb' stride=40 count=8038 BPVT=True real_normals=False bones=True tangents=True uv2=False flip_z=False
  Vertex format: 'BPVTxyznuviiiwwtb' stride=40 count=8041 BPVT=True real_normals=False bones=True tangents=True uv2=False flip_z=False
  UV2 SUMMARY: 2 of 4 group(s) carry a second UV set (via interleaved format OR sidecar .uv2 section):
    + track_R_Shape
    + track_L_Shape
  Distinct vertex formats in this file: 'BPVTxyznuviiiwwtb'
[PkgExtractor] Chassis.primitives_processed <- vehicles_level_08-part3.pkg

Found 4 primitive group(s):
  [+v +i +u2 -c] track_L_Shape
  [+v +i +u2 -c] track_R_Shape
  [+v +i -u2 -c] exportChassL1_Shape
  [+v +i -u2 -c] exportChassR1_Shape
  Vertex format: 'BPVTxyznuviiiwwtb' stride=40 count=896 BPVT=True real_normals=False bones=True tangents=True uv2=False flip_z=False
  [uv2] 'track_L_Shape': format='BPVSuv2'  count=896  body_offset=136  -- parsed sidecar UV2 section
  Vertex format: 'BPVTxyznuviiiwwtb' stride=40 count=896 BPVT=True real_normals=False bones=True tangents=True uv2=False flip_z=False
  [uv2] 'track_R_Shape': format='BPVSuv2'  count=896  body_offset=136  -- parsed sidecar UV2 section
  Vertex format: 'BPVTxyznuviiiwwtb' stride=40 count=6569 BPVT=True real_normals=False bones=True tangents=True uv2=False flip_z=False
  Vertex format: 'BPVTxyznuviiiwwtb' stride=40 count=6569 BPVT=True real_normals=False bones=True tangents=True uv2=False flip_z=False
  UV2 SUMMARY: 2 of 4 group(s) carry a second UV set (via interleaved format OR sidecar .uv2 section):
    + track_L_Shape
    + track_R_Shape
  Distinct vertex formats in this file: 'BPVTxyznuviiiwwtb'
[PkgExtractor] Chassis.primitives_processed <- vehicles_level_08-part2.pkg

Found 4 primitive group(s):
  [+v +i +u2 -c] track_R_Shape
  [+v +i +u2 -c] track_L_Shape
  [+v +i -u2 -c] chassis_LShape
  [+v +i -u2 -c] chassis_RShape
  Vertex format: 'BPVTxyznuviiiwwtb' stride=40 count=1340 BPVT=True real_normals=False bones=True tangents=True uv2=False flip_z=False
  [uv2] 'track_R_Shape': format='BPVSuv2'  count=1340  body_offset=136  -- parsed sidecar UV2 section
  Vertex format: 'BPVTxyznuviiiwwtb' stride=40 count=1340 BPVT=True real_normals=False bones=True tangents=True uv2=False flip_z=False
  [uv2] 'track_L_Shape': format='BPVSuv2'  count=1340  body_offset=136  -- parsed sidecar UV2 section
  Vertex format: 'BPVTxyznuviiiwwtb' stride=40 count=4823 BPVT=True real_normals=False bones=True tangents=True uv2=False flip_z=False
  Vertex format: 'BPVTxyznuviiiwwtb' stride=40 count=4823 BPVT=True real_normals=False bones=True tangents=True uv2=False flip_z=False
  UV2 SUMMARY: 2 of 4 group(s) carry a second UV set (via interleaved format OR sidecar .uv2 section):
    + track_R_Shape
    + track_L_Shape
  Distinct vertex formats in this file: 'BPVTxyznuviiiwwtb'
[PkgExtractor] Chassis.primitives_processed <- vehicles_level_08-part3.pkg

Found 4 primitive group(s):
  [+v +i +u2 -c] track_R_Shape
  [+v +i +u2 -c] track_L_Shape
  [+v +i -u2 -c] chassis_L_Shape
  [+v +i -u2 -c] chassis_R_Shape
  Vertex format: 'BPVTxyznuviiiwwtb' stride=40 count=1430 BPVT=True real_normals=False bones=True tangents=True uv2=False flip_z=False
  [uv2] 'track_R_Shape': format='BPVSuv2'  count=1430  body_offset=136  -- parsed sidecar UV2 section
  Vertex format: 'BPVTxyznuviiiwwtb' stride=40 count=1430 BPVT=True real_normals=False bones=True tangents=True uv2=False flip_z=False
  [uv2] 'track_L_Shape': format='BPVSuv2'  count=1430  body_offset=136  -- parsed sidecar UV2 section
  Vertex format: 'BPVTxyznuviiiwwtb' stride=40 count=5732 BPVT=True real_normals=False bones=True tangents=True uv2=False flip_z=False
  Vertex format: 'BPVTxyznuviiiwwtb' stride=40 count=5732 BPVT=True real_normals=False bones=True tangents=True uv2=False flip_z=False
  UV2 SUMMARY: 2 of 4 group(s) carry a second UV set (via interleaved format OR sidecar .uv2 section):
    + track_R_Shape
    + track_L_Shape
  Distinct vertex formats in this file: 'BPVTxyznuviiiwwtb'
[PkgExtractor] Chassis.primitives_processed <- vehicles_level_09-part1.pkg

Found 4 primitive group(s):
  [+v +i -u2 -c] chassis_RShape
  [+v +i -u2 -c] chassis_LShape
  [+v +i +u2 -c] track_RShape
  [+v +i +u2 -c] track_LShape
  Vertex format: 'BPVTxyznuviiiwwtb' stride=40 count=5641 BPVT=True real_normals=False bones=True tangents=True uv2=False flip_z=False
  Vertex format: 'BPVTxyznuviiiwwtb' stride=40 count=5648 BPVT=True real_normals=False bones=True tangents=True uv2=False flip_z=False
  Vertex format: 'BPVTxyznuviiiwwtb' stride=40 count=1364 BPVT=True real_normals=False bones=True tangents=True uv2=False flip_z=False
  [uv2] 'track_RShape': format='BPVSuv2'  count=1364  body_offset=136  -- parsed sidecar UV2 section
  Vertex format: 'BPVTxyznuviiiwwtb' stride=40 count=1320 BPVT=True real_normals=False bones=True tangents=True uv2=False flip_z=False
  [uv2] 'track_LShape': format='BPVSuv2'  count=1320  body_offset=136  -- parsed sidecar UV2 section
  UV2 SUMMARY: 2 of 4 group(s) carry a second UV set (via interleaved format OR sidecar .uv2 section):
    + track_RShape
    + track_LShape
  Distinct vertex formats in this file: 'BPVTxyznuviiiwwtb'
[PkgExtractor] Chassis.primitives_processed <- vehicles_level_09-part1.pkg

Found 4 primitive group(s):
  [+v +i +u2 -c] track_L_Shape
  [+v +i +u2 -c] track_R_Shape
  [+v +i -u2 -c] exportChassL1_Shape
  [+v +i -u2 -c] exportChassR1_Shape
  Vertex format: 'BPVTxyznuviiiwwtb' stride=40 count=1380 BPVT=True real_normals=False bones=True tangents=True uv2=False flip_z=False
  [uv2] 'track_L_Shape': format='BPVSuv2'  count=1380  body_offset=136  -- parsed sidecar UV2 section
  Vertex format: 'BPVTxyznuviiiwwtb' stride=40 count=1380 BPVT=True real_normals=False bones=True tangents=True uv2=False flip_z=False
  [uv2] 'track_R_Shape': format='BPVSuv2'  count=1380  body_offset=136  -- parsed sidecar UV2 section
  Vertex format: 'BPVTxyznuviiiwwtb' stride=40 count=8820 BPVT=True real_normals=False bones=True tangents=True uv2=False flip_z=False
  Vertex format: 'BPVTxyznuviiiwwtb' stride=40 count=8803 BPVT=True real_normals=False bones=True tangents=True uv2=False flip_z=False
  UV2 SUMMARY: 2 of 4 group(s) carry a second UV set (via interleaved format OR sidecar .uv2 section):
    + track_L_Shape
    + track_R_Shape
  Distinct vertex formats in this file: 'BPVTxyznuviiiwwtb'
[PkgExtractor] Chassis.primitives_processed <- vehicles_level_09-part1.pkg

Found 4 primitive group(s):
  [+v +i +u2 -c] track_R_Shape
  [+v +i +u2 -c] track_L_Shape
  [+v +i -u2 -c] exportChassL1_Shape
  [+v +i -u2 -c] exportChassR1_Shape
  Vertex format: 'BPVTxyznuviiiwwtb' stride=40 count=1794 BPVT=True real_normals=False bones=True tangents=True uv2=False flip_z=False
  [uv2] 'track_R_Shape': format='BPVSuv2'  count=1794  body_offset=136  -- parsed sidecar UV2 section
  Vertex format: 'BPVTxyznuviiiwwtb' stride=40 count=1794 BPVT=True real_normals=False bones=True tangents=True uv2=False flip_z=False
  [uv2] 'track_L_Shape': format='BPVSuv2'  count=1794  body_offset=136  -- parsed sidecar UV2 section
  Vertex format: 'BPVTxyznuviiiwwtb' stride=40 count=7546 BPVT=True real_normals=False bones=True tangents=True uv2=False flip_z=False
  Vertex format: 'BPVTxyznuviiiwwtb' stride=40 count=7536 BPVT=True real_normals=False bones=True tangents=True uv2=False flip_z=False
  UV2 SUMMARY: 2 of 4 group(s) carry a second UV set (via interleaved format OR sidecar .uv2 section):
    + track_R_Shape
    + track_L_Shape
  Distinct vertex formats in this file: 'BPVTxyznuviiiwwtb'
[PkgExtractor] Chassis.primitives_processed <- vehicles_level_09-part1.pkg

Found 4 primitive group(s):
  [+v +i +u2 -c] track_R_Shape
  [+v +i +u2 -c] track_L_Shape
  [+v +i -u2 -c] chassis_L_Shape
  [+v +i -u2 -c] chassis_R_Shape
  Vertex format: 'BPVTxyznuviiiwwtb' stride=40 count=1448 BPVT=True real_normals=False bones=True tangents=True uv2=False flip_z=False
  [uv2] 'track_R_Shape': format='BPVSuv2'  count=1448  body_offset=136  -- parsed sidecar UV2 section
  Vertex format: 'BPVTxyznuviiiwwtb' stride=40 count=1448 BPVT=True real_normals=False bones=True tangents=True uv2=False flip_z=False
  [uv2] 'track_L_Shape': format='BPVSuv2'  count=1448  body_offset=136  -- parsed sidecar UV2 section
  Vertex format: 'BPVTxyznuviiiwwtb' stride=40 count=9933 BPVT=True real_normals=False bones=True tangents=True uv2=False flip_z=False
  Vertex format: 'BPVTxyznuviiiwwtb' stride=40 count=9933 BPVT=True real_normals=False bones=True tangents=True uv2=False flip_z=False
  UV2 SUMMARY: 2 of 4 group(s) carry a second UV set (via interleaved format OR sidecar .uv2 section):
    + track_R_Shape
    + track_L_Shape
  Distinct vertex formats in this file: 'BPVTxyznuviiiwwtb'
[PkgExtractor] Chassis.primitives_processed <- vehicles_level_09-part2.pkg

Found 4 primitive group(s):
  [+v +i +u2 -c] track_R_Shape
  [+v +i +u2 -c] track_L_Shape
  [+v +i -u2 -c] exportChassL1_Shape
  [+v +i -u2 -c] exportChassR1_Shape
  Vertex format: 'BPVTxyznuviiiwwtb' stride=40 count=1374 BPVT=True real_normals=False bones=True tangents=True uv2=False flip_z=False
  [uv2] 'track_R_Shape': format='BPVSuv2'  count=1374  body_offset=136  -- parsed sidecar UV2 section
  Vertex format: 'BPVTxyznuviiiwwtb' stride=40 count=1374 BPVT=True real_normals=False bones=True tangents=True uv2=False flip_z=False
  [uv2] 'track_L_Shape': format='BPVSuv2'  count=1374  body_offset=136  -- parsed sidecar UV2 section
  Vertex format: 'BPVTxyznuviiiwwtb' stride=40 count=9566 BPVT=True real_normals=False bones=True tangents=True uv2=False flip_z=False
  Vertex format: 'BPVTxyznuviiiwwtb' stride=40 count=9566 BPVT=True real_normals=False bones=True tangents=True uv2=False flip_z=False
  UV2 SUMMARY: 2 of 4 group(s) carry a second UV set (via interleaved format OR sidecar .uv2 section):
    + track_R_Shape
    + track_L_Shape
  Distinct vertex formats in this file: 'BPVTxyznuviiiwwtb'
[PkgExtractor] Chassis.primitives_processed <- vehicles_level_09-part2.pkg

Found 4 primitive group(s):
  [+v +i +u2 -c] track_L_Shape
  [+v +i +u2 -c] track_R_Shape
  [+v +i -u2 -c] exportChassL1_Shape
  [+v +i -u2 -c] exportChassR1_Shape
  Vertex format: 'BPVTxyznuviiiwwtb' stride=40 count=908 BPVT=True real_normals=False bones=True tangents=True uv2=False flip_z=False
  [uv2] 'track_L_Shape': format='BPVSuv2'  count=908  body_offset=136  -- parsed sidecar UV2 section
  Vertex format: 'BPVTxyznuviiiwwtb' stride=40 count=910 BPVT=True real_normals=False bones=True tangents=True uv2=False flip_z=False
  [uv2] 'track_R_Shape': format='BPVSuv2'  count=910  body_offset=136  -- parsed sidecar UV2 section
  Vertex format: 'BPVTxyznuviiiwwtb' stride=40 count=7378 BPVT=True real_normals=False bones=True tangents=True uv2=False flip_z=False
  Vertex format: 'BPVTxyznuviiiwwtb' stride=40 count=7377 BPVT=True real_normals=False bones=True tangents=True uv2=False flip_z=False
  UV2 SUMMARY: 2 of 4 group(s) carry a second UV set (via interleaved format OR sidecar .uv2 section):
    + track_L_Shape
    + track_R_Shape
  Distinct vertex formats in this file: 'BPVTxyznuviiiwwtb'
[PkgExtractor] Chassis.primitives_processed <- vehicles_level_09-part2.pkg

Found 4 primitive group(s):
  [+v +i +u2 -c] track_R_Shape
  [+v +i +u2 -c] track_L_Shape
  [+v +i -u2 -c] chassis_L_Shape
  [+v +i -u2 -c] chassis_R_Shape
  Vertex format: 'BPVTxyznuviiiwwtb' stride=40 count=1782 BPVT=True real_normals=False bones=True tangents=True uv2=False flip_z=False
  [uv2] 'track_R_Shape': format='BPVSuv2'  count=1782  body_offset=136  -- parsed sidecar UV2 section
  Vertex format: 'BPVTxyznuviiiwwtb' stride=40 count=1782 BPVT=True real_normals=False bones=True tangents=True uv2=False flip_z=False
  [uv2] 'track_L_Shape': format='BPVSuv2'  count=1782  body_offset=136  -- parsed sidecar UV2 section
  Vertex format: 'BPVTxyznuviiiwwtb' stride=40 count=12280 BPVT=True real_normals=False bones=True tangents=True uv2=False flip_z=False
  Vertex format: 'BPVTxyznuviiiwwtb' stride=40 count=12280 BPVT=True real_normals=False bones=True tangents=True uv2=False flip_z=False
  UV2 SUMMARY: 2 of 4 group(s) carry a second UV set (via interleaved format OR sidecar .uv2 section):
    + track_R_Shape
    + track_L_Shape
  Distinct vertex formats in this file: 'BPVTxyznuviiiwwtb'
[PkgExtractor] Chassis.primitives_processed <- vehicles_level_09-part2.pkg

Found 4 primitive group(s):
  [+v +i +u2 -c] track_L_Shape
  [+v +i +u2 -c] track_R_Shape
  [+v +i -u2 -c] chassis_L_Shape
  [+v +i -u2 -c] chassis_R_Shape
  Vertex format: 'BPVTxyznuviiiwwtb' stride=40 count=1448 BPVT=True real_normals=False bones=True tangents=True uv2=False flip_z=False
  [uv2] 'track_L_Shape': format='BPVSuv2'  count=1448  body_offset=136  -- parsed sidecar UV2 section
  Vertex format: 'BPVTxyznuviiiwwtb' stride=40 count=1446 BPVT=True real_normals=False bones=True tangents=True uv2=False flip_z=False
  [uv2] 'track_R_Shape': format='BPVSuv2'  count=1446  body_offset=136  -- parsed sidecar UV2 section
  Vertex format: 'BPVTxyznuviiiwwtb' stride=40 count=8910 BPVT=True real_normals=False bones=True tangents=True uv2=False flip_z=False
  Vertex format: 'BPVTxyznuviiiwwtb' stride=40 count=8910 BPVT=True real_normals=False bones=True tangents=True uv2=False flip_z=False
  UV2 SUMMARY: 2 of 4 group(s) carry a second UV set (via interleaved format OR sidecar .uv2 section):
    + track_L_Shape
    + track_R_Shape
  Distinct vertex formats in this file: 'BPVTxyznuviiiwwtb'
[PkgExtractor] Chassis.primitives_processed <- vehicles_level_09-part1.pkg

Found 4 primitive group(s):
  [+v +i +u2 -c] track_R_Shape
  [+v +i +u2 -c] track_L_Shape
  [+v +i -u2 -c] chassis_LShape
  [+v +i -u2 -c] chassis_RShape
  Vertex format: 'BPVTxyznuviiiwwtb' stride=40 count=1296 BPVT=True real_normals=False bones=True tangents=True uv2=False flip_z=False
  [uv2] 'track_R_Shape': format='BPVSuv2'  count=1296  body_offset=136  -- parsed sidecar UV2 section
  Vertex format: 'BPVTxyznuviiiwwtb' stride=40 count=1296 BPVT=True real_normals=False bones=True tangents=True uv2=False flip_z=False
  [uv2] 'track_L_Shape': format='BPVSuv2'  count=1296  body_offset=136  -- parsed sidecar UV2 section
  Vertex format: 'BPVTxyznuviiiwwtb' stride=40 count=19027 BPVT=True real_normals=False bones=True tangents=True uv2=False flip_z=False
  Vertex format: 'BPVTxyznuviiiwwtb' stride=40 count=19027 BPVT=True real_normals=False bones=True tangents=True uv2=False flip_z=False
  UV2 SUMMARY: 2 of 4 group(s) carry a second UV set (via interleaved format OR sidecar .uv2 section):
    + track_R_Shape
    + track_L_Shape
  Distinct vertex formats in this file: 'BPVTxyznuviiiwwtb'
[PkgExtractor] Chassis.primitives_processed <- vehicles_level_10-part3.pkg

Found 4 primitive group(s):
  [+v +i -u2 -c] chassis_RShape
  [+v +i -u2 -c] chassis_LShape
  [+v +i +u2 -c] track_LShape
  [+v +i +u2 -c] track_RShape
  Vertex format: 'BPVTxyznuviiiwwtb' stride=40 count=4721 BPVT=True real_normals=False bones=True tangents=True uv2=False flip_z=False
  Vertex format: 'BPVTxyznuviiiwwtb' stride=40 count=4721 BPVT=True real_normals=False bones=True tangents=True uv2=False flip_z=False
  Vertex format: 'BPVTxyznuviiiwwtb' stride=40 count=1453 BPVT=True real_normals=False bones=True tangents=True uv2=False flip_z=False
  [uv2] 'track_LShape': format='BPVSuv2'  count=1453  body_offset=136  -- parsed sidecar UV2 section
  Vertex format: 'BPVTxyznuviiiwwtb' stride=40 count=1388 BPVT=True real_normals=False bones=True tangents=True uv2=False flip_z=False
  [uv2] 'track_RShape': format='BPVSuv2'  count=1388  body_offset=136  -- parsed sidecar UV2 section
  UV2 SUMMARY: 2 of 4 group(s) carry a second UV set (via interleaved format OR sidecar .uv2 section):
    + track_LShape
    + track_RShape
  Distinct vertex formats in this file: 'BPVTxyznuviiiwwtb'
[PkgExtractor] Chassis.primitives_processed <- vehicles_level_10-part1.pkg

Found 4 primitive group(s):
  [+v +i +u2 -c] track_L_Shape
  [+v +i +u2 -c] track_R_Shape
  [+v +i -u2 -c] exportChassL1_Shape
  [+v +i -u2 -c] exportChassR1_Shape
  Vertex format: 'BPVTxyznuviiiwwtb' stride=40 count=1264 BPVT=True real_normals=False bones=True tangents=True uv2=False flip_z=False
  [uv2] 'track_L_Shape': format='BPVSuv2'  count=1264  body_offset=136  -- parsed sidecar UV2 section
  Vertex format: 'BPVTxyznuviiiwwtb' stride=40 count=1266 BPVT=True real_normals=False bones=True tangents=True uv2=False flip_z=False
  [uv2] 'track_R_Shape': format='BPVSuv2'  count=1266  body_offset=136  -- parsed sidecar UV2 section
  Vertex format: 'BPVTxyznuviiiwwtb' stride=40 count=6453 BPVT=True real_normals=False bones=True tangents=True uv2=False flip_z=False
  Vertex format: 'BPVTxyznuviiiwwtb' stride=40 count=6453 BPVT=True real_normals=False bones=True tangents=True uv2=False flip_z=False
  UV2 SUMMARY: 2 of 4 group(s) carry a second UV set (via interleaved format OR sidecar .uv2 section):
    + track_L_Shape
    + track_R_Shape
  Distinct vertex formats in this file: 'BPVTxyznuviiiwwtb'
[PkgExtractor] Chassis.primitives_processed <- vehicles_level_10-part1.pkg

Found 4 primitive group(s):
  [+v +i +u2 -c] track_L_Shape
  [+v +i +u2 -c] track_R_Shape
  [+v +i -u2 -c] exportChassL1_Shape
  [+v +i -u2 -c] exportChassR1_Shape
  Vertex format: 'BPVTxyznuviiiwwtb' stride=40 count=1380 BPVT=True real_normals=False bones=True tangents=True uv2=False flip_z=False
  [uv2] 'track_L_Shape': format='BPVSuv2'  count=1380  body_offset=136  -- parsed sidecar UV2 section
  Vertex format: 'BPVTxyznuviiiwwtb' stride=40 count=1380 BPVT=True real_normals=False bones=True tangents=True uv2=False flip_z=False
  [uv2] 'track_R_Shape': format='BPVSuv2'  count=1380  body_offset=136  -- parsed sidecar UV2 section
  Vertex format: 'BPVTxyznuviiiwwtb' stride=40 count=7248 BPVT=True real_normals=False bones=True tangents=True uv2=False flip_z=False
  Vertex format: 'BPVTxyznuviiiwwtb' stride=40 count=7248 BPVT=True real_normals=False bones=True tangents=True uv2=False flip_z=False
  UV2 SUMMARY: 2 of 4 group(s) carry a second UV set (via interleaved format OR sidecar .uv2 section):
    + track_L_Shape
    + track_R_Shape
  Distinct vertex formats in this file: 'BPVTxyznuviiiwwtb'
[PkgExtractor] Chassis.primitives_processed <- vehicles_level_10-part3.pkg

Found 4 primitive group(s):
  [+v +i +u2 -c] track_L_Shape
  [+v +i +u2 -c] track_R_Shape
  [+v +i -u2 -c] chassis_L_Shape
  [+v +i -u2 -c] chassis_R_Shape
  Vertex format: 'BPVTxyznuviiiwwtb' stride=40 count=1380 BPVT=True real_normals=False bones=True tangents=True uv2=False flip_z=False
  [uv2] 'track_L_Shape': format='BPVSuv2'  count=1380  body_offset=136  -- parsed sidecar UV2 section
  Vertex format: 'BPVTxyznuviiiwwtb' stride=40 count=1380 BPVT=True real_normals=False bones=True tangents=True uv2=False flip_z=False
  [uv2] 'track_R_Shape': format='BPVSuv2'  count=1380  body_offset=136  -- parsed sidecar UV2 section
  Vertex format: 'BPVTxyznuviiiwwtb' stride=40 count=7248 BPVT=True real_normals=False bones=True tangents=True uv2=False flip_z=False
  Vertex format: 'BPVTxyznuviiiwwtb' stride=40 count=7248 BPVT=True real_normals=False bones=True tangents=True uv2=False flip_z=False
  UV2 SUMMARY: 2 of 4 group(s) carry a second UV set (via interleaved format OR sidecar .uv2 section):
    + track_L_Shape
    + track_R_Shape
  Distinct vertex formats in this file: 'BPVTxyznuviiiwwtb'
[PkgExtractor] Chassis.primitives_processed <- vehicles_level_10-part2.pkg

Found 4 primitive group(s):
  [+v +i +u2 -c] track_R_Shape
  [+v +i +u2 -c] track_L_Shape
  [+v +i -u2 -c] chassis_LShape
  [+v +i -u2 -c] chassis_RShape
  Vertex format: 'BPVTxyznuviiiwwtb' stride=40 count=1260 BPVT=True real_normals=False bones=True tangents=True uv2=False flip_z=False
  [uv2] 'track_R_Shape': format='BPVSuv2'  count=1260  body_offset=136  -- parsed sidecar UV2 section
  Vertex format: 'BPVTxyznuviiiwwtb' stride=40 count=1260 BPVT=True real_normals=False bones=True tangents=True uv2=False flip_z=False
  [uv2] 'track_L_Shape': format='BPVSuv2'  count=1260  body_offset=136  -- parsed sidecar UV2 section
  Vertex format: 'BPVTxyznuviiiwwtb' stride=40 count=6615 BPVT=True real_normals=False bones=True tangents=True uv2=False flip_z=False
  Vertex format: 'BPVTxyznuviiiwwtb' stride=40 count=6615 BPVT=True real_normals=False bones=True tangents=True uv2=False flip_z=False
  UV2 SUMMARY: 2 of 4 group(s) carry a second UV set (via interleaved format OR sidecar .uv2 section):
    + track_R_Shape
    + track_L_Shape
  Distinct vertex formats in this file: 'BPVTxyznuviiiwwtb'
[PkgExtractor] Chassis.primitives_processed <- vehicles_level_10-part3.pkg

Found 4 primitive group(s):
  [+v +i +u2 -c] track_L_Shape
  [+v +i +u2 -c] track_R_Shape
  [+v +i -u2 -c] chassis_L_Shape
  [+v +i -u2 -c] chassis_R_Shape
  Vertex format: 'BPVTxyznuviiiwwtb' stride=40 count=1650 BPVT=True real_normals=False bones=True tangents=True uv2=False flip_z=False
  [uv2] 'track_L_Shape': format='BPVSuv2'  count=1650  body_offset=136  -- parsed sidecar UV2 section
  Vertex format: 'BPVTxyznuviiiwwtb' stride=40 count=1650 BPVT=True real_normals=False bones=True tangents=True uv2=False flip_z=False
  [uv2] 'track_R_Shape': format='BPVSuv2'  count=1650  body_offset=136  -- parsed sidecar UV2 section
  Vertex format: 'BPVTxyznuviiiwwtb' stride=40 count=8367 BPVT=True real_normals=False bones=True tangents=True uv2=False flip_z=False
  Vertex format: 'BPVTxyznuviiiwwtb' stride=40 count=8397 BPVT=True real_normals=False bones=True tangents=True uv2=False flip_z=False
  UV2 SUMMARY: 2 of 4 group(s) carry a second UV set (via interleaved format OR sidecar .uv2 section):
    + track_L_Shape
    + track_R_Shape
  Distinct vertex formats in this file: 'BPVTxyznuviiiwwtb'
  [150/1215] 8.6s, 17.5 tanks/s, flags={'ERR': 113, 'ALLSHP': 37}
  [200/1215] 8.6s, 23.4 tanks/s, flags={'ERR': 163, 'ALLSHP': 37}
  [250/1215] 8.6s, 29.2 tanks/s, flags={'ERR': 213, 'ALLSHP': 37}
  [300/1215] 8.6s, 35.0 tanks/s, flags={'ERR': 263, 'ALLSHP': 37}
  [350/1215] 8.6s, 40.9 tanks/s, flags={'ERR': 313, 'ALLSHP': 37}
  [400/1215] 8.6s, 46.7 tanks/s, flags={'ERR': 363, 'ALLSHP': 37}
  [450/1215] 8.6s, 52.5 tanks/s, flags={'ERR': 413, 'ALLSHP': 37}
[PkgExtractor] Chassis.primitives_processed <- vehicles_level_01.pkg

Found 4 primitive group(s):
  [+v +i +u2 -c] track_L_Shape
  [+v +i +u2 -c] track_R_Shape
  [+v +i -u2 -c] exportChassL1_Shape
  [+v +i -u2 -c] exportChassR1_Shape
  Vertex format: 'BPVTxyznuviiiwwtb' stride=40 count=1520 BPVT=True real_normals=False bones=True tangents=True uv2=False flip_z=False
  [uv2] 'track_L_Shape': format='BPVSuv2'  count=1520  body_offset=136  -- parsed sidecar UV2 section
  Vertex format: 'BPVTxyznuviiiwwtb' stride=40 count=1520 BPVT=True real_normals=False bones=True tangents=True uv2=False flip_z=False
  [uv2] 'track_R_Shape': format='BPVSuv2'  count=1520  body_offset=136  -- parsed sidecar UV2 section
  Vertex format: 'BPVTxyznuviiiwwtb' stride=40 count=5744 BPVT=True real_normals=False bones=True tangents=True uv2=False flip_z=False
  Vertex format: 'BPVTxyznuviiiwwtb' stride=40 count=5744 BPVT=True real_normals=False bones=True tangents=True uv2=False flip_z=False
  UV2 SUMMARY: 2 of 4 group(s) carry a second UV set (via interleaved format OR sidecar .uv2 section):
    + track_L_Shape
    + track_R_Shape
  Distinct vertex formats in this file: 'BPVTxyznuviiiwwtb'
[PkgExtractor] Chassis.primitives_processed <- vehicles_level_02.pkg

Found 4 primitive group(s):
  [+v +i +u2 -c] track_L_Shape
  [+v +i +u2 -c] track_R_Shape
  [+v +i -u2 -c] exportChassL1_Shape
  [+v +i -u2 -c] exportChassR1_Shape
  Vertex format: 'BPVTxyznuviiiwwtb' stride=40 count=1220 BPVT=True real_normals=False bones=True tangents=True uv2=False flip_z=False
  [uv2] 'track_L_Shape': format='BPVSuv2'  count=1220  body_offset=136  -- parsed sidecar UV2 section
  Vertex format: 'BPVTxyznuviiiwwtb' stride=40 count=1220 BPVT=True real_normals=False bones=True tangents=True uv2=False flip_z=False
  [uv2] 'track_R_Shape': format='BPVSuv2'  count=1220  body_offset=136  -- parsed sidecar UV2 section
  Vertex format: 'BPVTxyznuviiiwwtb' stride=40 count=11910 BPVT=True real_normals=False bones=True tangents=True uv2=False flip_z=False
  Vertex format: 'BPVTxyznuviiiwwtb' stride=40 count=11910 BPVT=True real_normals=False bones=True tangents=True uv2=False flip_z=False
  UV2 SUMMARY: 2 of 4 group(s) carry a second UV set (via interleaved format OR sidecar .uv2 section):
    + track_L_Shape
    + track_R_Shape
  Distinct vertex formats in this file: 'BPVTxyznuviiiwwtb'
[PkgExtractor] Chassis.primitives_processed <- vehicles_level_02.pkg

Found 4 primitive group(s):
  [+v +i +u2 -c] track_L_Shape
  [+v +i +u2 -c] track_R_Shape
  [+v +i -u2 -c] exportChassL1_Shape
  [+v +i -u2 -c] exportChassR1_Shape
  Vertex format: 'BPVTxyznuviiiwwtb' stride=40 count=1364 BPVT=True real_normals=False bones=True tangents=True uv2=False flip_z=False
  [uv2] 'track_L_Shape': format='BPVSuv2'  count=1364  body_offset=136  -- parsed sidecar UV2 section
  Vertex format: 'BPVTxyznuviiiwwtb' stride=40 count=1364 BPVT=True real_normals=False bones=True tangents=True uv2=False flip_z=False
  [uv2] 'track_R_Shape': format='BPVSuv2'  count=1364  body_offset=136  -- parsed sidecar UV2 section
  Vertex format: 'BPVTxyznuviiiwwtb' stride=40 count=15190 BPVT=True real_normals=False bones=True tangents=True uv2=False flip_z=False
  Vertex format: 'BPVTxyznuviiiwwtb' stride=40 count=15190 BPVT=True real_normals=False bones=True tangents=True uv2=False flip_z=False
  UV2 SUMMARY: 2 of 4 group(s) carry a second UV set (via interleaved format OR sidecar .uv2 section):
    + track_L_Shape
    + track_R_Shape
  Distinct vertex formats in this file: 'BPVTxyznuviiiwwtb'
[PkgExtractor] Chassis.primitives_processed <- vehicles_level_03.pkg

Found 4 primitive group(s):
  [+v +i +u2 -c] track_L_Shape
  [+v +i +u2 -c] track_R_Shape
  [+v +i -u2 -c] exportChassL1_Shape
  [+v +i -u2 -c] exportChassR1_Shape
  Vertex format: 'BPVTxyznuviiiwwtb' stride=40 count=1446 BPVT=True real_normals=False bones=True tangents=True uv2=False flip_z=False
  [uv2] 'track_L_Shape': format='BPVSuv2'  count=1446  body_offset=136  -- parsed sidecar UV2 section
  Vertex format: 'BPVTxyznuviiiwwtb' stride=40 count=1446 BPVT=True real_normals=False bones=True tangents=True uv2=False flip_z=False
  [uv2] 'track_R_Shape': format='BPVSuv2'  count=1446  body_offset=136  -- parsed sidecar UV2 section
  Vertex format: 'BPVTxyznuviiiwwtb' stride=40 count=12180 BPVT=True real_normals=False bones=True tangents=True uv2=False flip_z=False
  Vertex format: 'BPVTxyznuviiiwwtb' stride=40 count=12161 BPVT=True real_normals=False bones=True tangents=True uv2=False flip_z=False
  UV2 SUMMARY: 2 of 4 group(s) carry a second UV set (via interleaved format OR sidecar .uv2 section):
    + track_L_Shape
    + track_R_Shape
  Distinct vertex formats in this file: 'BPVTxyznuviiiwwtb'
[PkgExtractor] Chassis.primitives_processed <- vehicles_level_03.pkg

Found 4 primitive group(s):
  [+v +i +u2 -c] track_L_Shape
  [+v +i +u2 -c] track_R_Shape
  [+v +i -u2 -c] exportChassL1_Shape
  [+v +i -u2 -c] exportChassR1_Shape
  Vertex format: 'BPVTxyznuviiiwwtb' stride=40 count=1408 BPVT=True real_normals=False bones=True tangents=True uv2=False flip_z=False
  [uv2] 'track_L_Shape': format='BPVSuv2'  count=1408  body_offset=136  -- parsed sidecar UV2 section
  Vertex format: 'BPVTxyznuviiiwwtb' stride=40 count=1408 BPVT=True real_normals=False bones=True tangents=True uv2=False flip_z=False
  [uv2] 'track_R_Shape': format='BPVSuv2'  count=1408  body_offset=136  -- parsed sidecar UV2 section
  Vertex format: 'BPVTxyznuviiiwwtb' stride=40 count=7394 BPVT=True real_normals=False bones=True tangents=True uv2=False flip_z=False
  Vertex format: 'BPVTxyznuviiiwwtb' stride=40 count=7394 BPVT=True real_normals=False bones=True tangents=True uv2=False flip_z=False
  UV2 SUMMARY: 2 of 4 group(s) carry a second UV set (via interleaved format OR sidecar .uv2 section):
    + track_L_Shape
    + track_R_Shape
  Distinct vertex formats in this file: 'BPVTxyznuviiiwwtb'
[PkgExtractor] Chassis.primitives_processed <- vehicles_level_04.pkg

Found 4 primitive group(s):
  [+v +i +u2 -c] track_L_Shape
  [+v +i +u2 -c] track_R_Shape
  [+v +i -u2 -c] exportChassL1_Shape
  [+v +i -u2 -c] exportChassR1_Shape
  Vertex format: 'BPVTxyznuviiiwwtb' stride=40 count=1458 BPVT=True real_normals=False bones=True tangents=True uv2=False flip_z=False
  [uv2] 'track_L_Shape': format='BPVSuv2'  count=1458  body_offset=136  -- parsed sidecar UV2 section
  Vertex format: 'BPVTxyznuviiiwwtb' stride=40 count=1458 BPVT=True real_normals=False bones=True tangents=True uv2=False flip_z=False
  [uv2] 'track_R_Shape': format='BPVSuv2'  count=1458  body_offset=136  -- parsed sidecar UV2 section
  Vertex format: 'BPVTxyznuviiiwwtb' stride=40 count=14485 BPVT=True real_normals=False bones=True tangents=True uv2=False flip_z=False
  Vertex format: 'BPVTxyznuviiiwwtb' stride=40 count=14483 BPVT=True real_normals=False bones=True tangents=True uv2=False flip_z=False
  UV2 SUMMARY: 2 of 4 group(s) carry a second UV set (via interleaved format OR sidecar .uv2 section):
    + track_L_Shape
    + track_R_Shape
  Distinct vertex formats in this file: 'BPVTxyznuviiiwwtb'
[PkgExtractor] Chassis.primitives_processed <- vehicles_level_05-part1.pkg

Found 4 primitive group(s):
  [+v +i +u2 -c] track_L_Shape
  [+v +i +u2 -c] track_R_Shape
  [+v +i -u2 -c] exportChassL1_Shape
  [+v +i -u2 -c] exportChassR1_Shape
  Vertex format: 'BPVTxyznuviiiwwtb' stride=40 count=1278 BPVT=True real_normals=False bones=True tangents=True uv2=False flip_z=False
  [uv2] 'track_L_Shape': format='BPVSuv2'  count=1278  body_offset=136  -- parsed sidecar UV2 section
  Vertex format: 'BPVTxyznuviiiwwtb' stride=40 count=1278 BPVT=True real_normals=False bones=True tangents=True uv2=False flip_z=False
  [uv2] 'track_R_Shape': format='BPVSuv2'  count=1278  body_offset=136  -- parsed sidecar UV2 section
  Vertex format: 'BPVTxyznuviiiwwtb' stride=40 count=14364 BPVT=True real_normals=False bones=True tangents=True uv2=False flip_z=False
  Vertex format: 'BPVTxyznuviiiwwtb' stride=40 count=14368 BPVT=True real_normals=False bones=True tangents=True uv2=False flip_z=False
  UV2 SUMMARY: 2 of 4 group(s) carry a second UV set (via interleaved format OR sidecar .uv2 section):
    + track_L_Shape
    + track_R_Shape
  Distinct vertex formats in this file: 'BPVTxyznuviiiwwtb'
[PkgExtractor] Chassis.primitives_processed <- vehicles_level_05-part1.pkg

Found 4 primitive group(s):
  [+v +i +u2 -c] track_L_Shape
  [+v +i +u2 -c] track_R_Shape
  [+v +i -u2 -c] exportChassL1_Shape
  [+v +i -u2 -c] exportChassR1_Shape
  Vertex format: 'BPVTxyznuviiiwwtb' stride=40 count=1072 BPVT=True real_normals=False bones=True tangents=True uv2=False flip_z=False
  [uv2] 'track_L_Shape': format='BPVSuv2'  count=1072  body_offset=136  -- parsed sidecar UV2 section
  Vertex format: 'BPVTxyznuviiiwwtb' stride=40 count=1072 BPVT=True real_normals=False bones=True tangents=True uv2=False flip_z=False
  [uv2] 'track_R_Shape': format='BPVSuv2'  count=1072  body_offset=136  -- parsed sidecar UV2 section
  Vertex format: 'BPVTxyznuviiiwwtb' stride=40 count=13918 BPVT=True real_normals=False bones=True tangents=True uv2=False flip_z=False
  Vertex format: 'BPVTxyznuviiiwwtb' stride=40 count=13918 BPVT=True real_normals=False bones=True tangents=True uv2=False flip_z=False
  UV2 SUMMARY: 2 of 4 group(s) carry a second UV set (via interleaved format OR sidecar .uv2 section):
    + track_L_Shape
    + track_R_Shape
  Distinct vertex formats in this file: 'BPVTxyznuviiiwwtb'
[PkgExtractor] Chassis.primitives_processed <- vehicles_level_06-part2.pkg

Found 4 primitive group(s):
  [+v +i +u2 -c] track_R_Shape
  [+v +i +u2 -c] track_L_Shape
  [+v +i -u2 -c] exportChassL1_Shape
  [+v +i -u2 -c] exportChassR1_Shape
  Vertex format: 'BPVTxyznuviiiwwtb' stride=40 count=1848 BPVT=True real_normals=False bones=True tangents=True uv2=False flip_z=False
  [uv2] 'track_R_Shape': format='BPVSuv2'  count=1848  body_offset=136  -- parsed sidecar UV2 section
  Vertex format: 'BPVTxyznuviiiwwtb' stride=40 count=1848 BPVT=True real_normals=False bones=True tangents=True uv2=False flip_z=False
  [uv2] 'track_L_Shape': format='BPVSuv2'  count=1848  body_offset=136  -- parsed sidecar UV2 section
  Vertex format: 'BPVTxyznuviiiwwtb' stride=40 count=13429 BPVT=True real_normals=False bones=True tangents=True uv2=False flip_z=False
  Vertex format: 'BPVTxyznuviiiwwtb' stride=40 count=13528 BPVT=True real_normals=False bones=True tangents=True uv2=False flip_z=False
  UV2 SUMMARY: 2 of 4 group(s) carry a second UV set (via interleaved format OR sidecar .uv2 section):
    + track_R_Shape
    + track_L_Shape
  Distinct vertex formats in this file: 'BPVTxyznuviiiwwtb'
[PkgExtractor] Chassis.primitives_processed <- vehicles_level_06-part2.pkg

Found 4 primitive group(s):
  [+v +i +u2 -c] track_L_Shape
  [+v +i +u2 -c] track_R_Shape
  [+v +i -u2 -c] exportChassL1_Shape
  [+v +i -u2 -c] exportChassR1_Shape
  Vertex format: 'BPVTxyznuviiiwwtb' stride=40 count=1072 BPVT=True real_normals=False bones=True tangents=True uv2=False flip_z=False
  [uv2] 'track_L_Shape': format='BPVSuv2'  count=1072  body_offset=136  -- parsed sidecar UV2 section
  Vertex format: 'BPVTxyznuviiiwwtb' stride=40 count=1072 BPVT=True real_normals=False bones=True tangents=True uv2=False flip_z=False
  [uv2] 'track_R_Shape': format='BPVSuv2'  count=1072  body_offset=136  -- parsed sidecar UV2 section
  Vertex format: 'BPVTxyznuviiiwwtb' stride=40 count=12025 BPVT=True real_normals=False bones=True tangents=True uv2=False flip_z=False
  Vertex format: 'BPVTxyznuviiiwwtb' stride=40 count=12025 BPVT=True real_normals=False bones=True tangents=True uv2=False flip_z=False
  UV2 SUMMARY: 2 of 4 group(s) carry a second UV set (via interleaved format OR sidecar .uv2 section):
    + track_L_Shape
    + track_R_Shape
  Distinct vertex formats in this file: 'BPVTxyznuviiiwwtb'
[PkgExtractor] Chassis.primitives_processed <- vehicles_level_07-part2.pkg

Found 4 primitive group(s):
  [+v +i +u2 -c] track_L_Shape
  [+v +i +u2 -c] track_R_Shape
  [+v +i -u2 -c] exportChassL1_Shape
  [+v +i -u2 -c] exportChassR1_Shape
  Vertex format: 'BPVTxyznuviiiwwtb' stride=40 count=1708 BPVT=True real_normals=False bones=True tangents=True uv2=False flip_z=False
  [uv2] 'track_L_Shape': format='BPVSuv2'  count=1708  body_offset=136  -- parsed sidecar UV2 section
  Vertex format: 'BPVTxyznuviiiwwtb' stride=40 count=1708 BPVT=True real_normals=False bones=True tangents=True uv2=False flip_z=False
  [uv2] 'track_R_Shape': format='BPVSuv2'  count=1708  body_offset=136  -- parsed sidecar UV2 section
  Vertex format: 'BPVTxyznuviiiwwtb' stride=40 count=7035 BPVT=True real_normals=False bones=True tangents=True uv2=False flip_z=False
  Vertex format: 'BPVTxyznuviiiwwtb' stride=40 count=7045 BPVT=True real_normals=False bones=True tangents=True uv2=False flip_z=False
  UV2 SUMMARY: 2 of 4 group(s) carry a second UV set (via interleaved format OR sidecar .uv2 section):
    + track_L_Shape
    + track_R_Shape
  Distinct vertex formats in this file: 'BPVTxyznuviiiwwtb'
[PkgExtractor] Chassis.primitives_processed <- vehicles_level_07-part2.pkg

Found 4 primitive group(s):
  [+v +i +u2 -c] track_L_Shape
  [+v +i +u2 -c] track_R_Shape
  [+v +i -u2 -c] exportChassL1_Shape
  [+v +i -u2 -c] exportChassR1_Shape
  Vertex format: 'BPVTxyznuviiiwwtb' stride=40 count=1320 BPVT=True real_normals=False bones=True tangents=True uv2=False flip_z=False
  [uv2] 'track_L_Shape': format='BPVSuv2'  count=1320  body_offset=136  -- parsed sidecar UV2 section
  Vertex format: 'BPVTxyznuviiiwwtb' stride=40 count=1320 BPVT=True real_normals=False bones=True tangents=True uv2=False flip_z=False
  [uv2] 'track_R_Shape': format='BPVSuv2'  count=1320  body_offset=136  -- parsed sidecar UV2 section
  Vertex format: 'BPVTxyznuviiiwwtb' stride=40 count=7321 BPVT=True real_normals=False bones=True tangents=True uv2=False flip_z=False
  Vertex format: 'BPVTxyznuviiiwwtb' stride=40 count=7321 BPVT=True real_normals=False bones=True tangents=True uv2=False flip_z=False
  UV2 SUMMARY: 2 of 4 group(s) carry a second UV set (via interleaved format OR sidecar .uv2 section):
    + track_L_Shape
    + track_R_Shape
  Distinct vertex formats in this file: 'BPVTxyznuviiiwwtb'
[PkgExtractor] Chassis.primitives_processed <- vehicles_level_07-part2.pkg

Found 4 primitive group(s):
  [+v +i +u2 -c] track_L_Shape
  [+v +i +u2 -c] track_R_Shape
  [+v +i -u2 -c] exportChassL1_Shape
  [+v +i -u2 -c] exportChassR1_Shape
  Vertex format: 'BPVTxyznuviiiwwtb' stride=40 count=1608 BPVT=True real_normals=False bones=True tangents=True uv2=False flip_z=False
  [uv2] 'track_L_Shape': format='BPVSuv2'  count=1608  body_offset=136  -- parsed sidecar UV2 section
  Vertex format: 'BPVTxyznuviiiwwtb' stride=40 count=1608 BPVT=True real_normals=False bones=True tangents=True uv2=False flip_z=False
  [uv2] 'track_R_Shape': format='BPVSuv2'  count=1608  body_offset=136  -- parsed sidecar UV2 section
  Vertex format: 'BPVTxyznuviiiwwtb' stride=40 count=6627 BPVT=True real_normals=False bones=True tangents=True uv2=False flip_z=False
  Vertex format: 'BPVTxyznuviiiwwtb' stride=40 count=6627 BPVT=True real_normals=False bones=True tangents=True uv2=False flip_z=False
  UV2 SUMMARY: 2 of 4 group(s) carry a second UV set (via interleaved format OR sidecar .uv2 section):
    + track_L_Shape
    + track_R_Shape
  Distinct vertex formats in this file: 'BPVTxyznuviiiwwtb'
[PkgExtractor] Chassis.primitives_processed <- vehicles_level_08-part3.pkg

Found 4 primitive group(s):
  [+v +i +u2 -c] track_L_Shape
  [+v +i +u2 -c] track_R_Shape
  [+v +i -u2 -c] exportChassL1_Shape
  [+v +i -u2 -c] exportChassR1_Shape
  Vertex format: 'BPVTxyznuviiiwwtb' stride=40 count=1537 BPVT=True real_normals=False bones=True tangents=True uv2=False flip_z=False
  [uv2] 'track_L_Shape': format='BPVSuv2'  count=1537  body_offset=136  -- parsed sidecar UV2 section
  Vertex format: 'BPVTxyznuviiiwwtb' stride=40 count=1537 BPVT=True real_normals=False bones=True tangents=True uv2=False flip_z=False
  [uv2] 'track_R_Shape': format='BPVSuv2'  count=1537  body_offset=136  -- parsed sidecar UV2 section
  Vertex format: 'BPVTxyznuviiiwwtb' stride=40 count=7137 BPVT=True real_normals=False bones=True tangents=True uv2=False flip_z=False
  Vertex format: 'BPVTxyznuviiiwwtb' stride=40 count=7145 BPVT=True real_normals=False bones=True tangents=True uv2=False flip_z=False
  UV2 SUMMARY: 2 of 4 group(s) carry a second UV set (via interleaved format OR sidecar .uv2 section):
    + track_L_Shape
    + track_R_Shape
  Distinct vertex formats in this file: 'BPVTxyznuviiiwwtb'
[PkgExtractor] Chassis.primitives_processed <- vehicles_level_08-part1.pkg

Found 4 primitive group(s):
  [+v +i +u2 -c] track_L_Shape
  [+v +i +u2 -c] track_R_Shape
  [+v +i -u2 -c] exportChassL1_Shape
  [+v +i -u2 -c] exportChassR1_Shape
  Vertex format: 'BPVTxyznuviiiwwtb' stride=40 count=1734 BPVT=True real_normals=False bones=True tangents=True uv2=False flip_z=False
  [uv2] 'track_L_Shape': format='BPVSuv2'  count=1734  body_offset=136  -- parsed sidecar UV2 section
  Vertex format: 'BPVTxyznuviiiwwtb' stride=40 count=1734 BPVT=True real_normals=False bones=True tangents=True uv2=False flip_z=False
  [uv2] 'track_R_Shape': format='BPVSuv2'  count=1734  body_offset=136  -- parsed sidecar UV2 section
  Vertex format: 'BPVTxyznuviiiwwtb' stride=40 count=7594 BPVT=True real_normals=False bones=True tangents=True uv2=False flip_z=False
  Vertex format: 'BPVTxyznuviiiwwtb' stride=40 count=7594 BPVT=True real_normals=False bones=True tangents=True uv2=False flip_z=False
  UV2 SUMMARY: 2 of 4 group(s) carry a second UV set (via interleaved format OR sidecar .uv2 section):
    + track_L_Shape
    + track_R_Shape
  Distinct vertex formats in this file: 'BPVTxyznuviiiwwtb'
[PkgExtractor] Chassis.primitives_processed <- vehicles_level_08-part1.pkg

Found 4 primitive group(s):
  [+v +i +u2 -c] track_L_Shape
  [+v +i +u2 -c] track_R_Shape
  [+v +i -u2 -c] exportChassL1_Shape
  [+v +i -u2 -c] exportChassR1_Shape
  Vertex format: 'BPVTxyznuviiiwwtb' stride=40 count=2436 BPVT=True real_normals=False bones=True tangents=True uv2=False flip_z=False
  [uv2] 'track_L_Shape': format='BPVSuv2'  count=2436  body_offset=136  -- parsed sidecar UV2 section
  Vertex format: 'BPVTxyznuviiiwwtb' stride=40 count=2436 BPVT=True real_normals=False bones=True tangents=True uv2=False flip_z=False
  [uv2] 'track_R_Shape': format='BPVSuv2'  count=2436  body_offset=136  -- parsed sidecar UV2 section
  Vertex format: 'BPVTxyznuviiiwwtb' stride=40 count=8295 BPVT=True real_normals=False bones=True tangents=True uv2=False flip_z=False
  Vertex format: 'BPVTxyznuviiiwwtb' stride=40 count=8295 BPVT=True real_normals=False bones=True tangents=True uv2=False flip_z=False
  UV2 SUMMARY: 2 of 4 group(s) carry a second UV set (via interleaved format OR sidecar .uv2 section):
    + track_L_Shape
    + track_R_Shape
  Distinct vertex formats in this file: 'BPVTxyznuviiiwwtb'
[PkgExtractor] Chassis.primitives_processed <- vehicles_level_08-part3.pkg

Found 4 primitive group(s):
  [+v +i +u2 -c] track_L_Shape
  [+v +i +u2 -c] track_R_Shape
  [+v +i -u2 -c] exportChassL1_Shape
  [+v +i -u2 -c] exportChassR1_Shape
  Vertex format: 'BPVTxyznuviiiwwtb' stride=40 count=1180 BPVT=True real_normals=False bones=True tangents=True uv2=False flip_z=False
  [uv2] 'track_L_Shape': format='BPVSuv2'  count=1180  body_offset=136  -- parsed sidecar UV2 section
  Vertex format: 'BPVTxyznuviiiwwtb' stride=40 count=1180 BPVT=True real_normals=False bones=True tangents=True uv2=False flip_z=False
  [uv2] 'track_R_Shape': format='BPVSuv2'  count=1180  body_offset=136  -- parsed sidecar UV2 section
  Vertex format: 'BPVTxyznuviiiwwtb' stride=40 count=7087 BPVT=True real_normals=False bones=True tangents=True uv2=False flip_z=False
  Vertex format: 'BPVTxyznuviiiwwtb' stride=40 count=7087 BPVT=True real_normals=False bones=True tangents=True uv2=False flip_z=False
  UV2 SUMMARY: 2 of 4 group(s) carry a second UV set (via interleaved format OR sidecar .uv2 section):
    + track_L_Shape
    + track_R_Shape
  Distinct vertex formats in this file: 'BPVTxyznuviiiwwtb'
[PkgExtractor] Chassis.primitives_processed <- vehicles_level_08-part1.pkg

Found 4 primitive group(s):
  [+v +i +u2 -c] track_L_Shape
  [+v +i +u2 -c] track_R_Shape
  [+v +i -u2 -c] exportChassL1_Shape
  [+v +i -u2 -c] exportChassR1_Shape
  Vertex format: 'BPVTxyznuviiiwwtb' stride=40 count=1952 BPVT=True real_normals=False bones=True tangents=True uv2=False flip_z=False
  [uv2] 'track_L_Shape': format='BPVSuv2'  count=1952  body_offset=136  -- parsed sidecar UV2 section
  Vertex format: 'BPVTxyznuviiiwwtb' stride=40 count=1952 BPVT=True real_normals=False bones=True tangents=True uv2=False flip_z=False
  [uv2] 'track_R_Shape': format='BPVSuv2'  count=1952  body_offset=136  -- parsed sidecar UV2 section
  Vertex format: 'BPVTxyznuviiiwwtb' stride=40 count=6903 BPVT=True real_normals=False bones=True tangents=True uv2=False flip_z=False
  Vertex format: 'BPVTxyznuviiiwwtb' stride=40 count=6904 BPVT=True real_normals=False bones=True tangents=True uv2=False flip_z=False
  UV2 SUMMARY: 2 of 4 group(s) carry a second UV set (via interleaved format OR sidecar .uv2 section):
    + track_L_Shape
    + track_R_Shape
  Distinct vertex formats in this file: 'BPVTxyznuviiiwwtb'
[PkgExtractor] Chassis.primitives_processed <- vehicles_level_08-part2.pkg

Found 4 primitive group(s):
  [+v +i +u2 -c] track_L_Shape
  [+v +i +u2 -c] track_R_Shape
  [+v +i -u2 -c] exportChassL1_Shape
  [+v +i -u2 -c] exportChassR1_Shape
  Vertex format: 'BPVTxyznuviiiwwtb' stride=40 count=1152 BPVT=True real_normals=False bones=True tangents=True uv2=False flip_z=False
  [uv2] 'track_L_Shape': format='BPVSuv2'  count=1152  body_offset=136  -- parsed sidecar UV2 section
  Vertex format: 'BPVTxyznuviiiwwtb' stride=40 count=1152 BPVT=True real_normals=False bones=True tangents=True uv2=False flip_z=False
  [uv2] 'track_R_Shape': format='BPVSuv2'  count=1152  body_offset=136  -- parsed sidecar UV2 section
  Vertex format: 'BPVTxyznuviiiwwtb' stride=40 count=6344 BPVT=True real_normals=False bones=True tangents=True uv2=False flip_z=False
  Vertex format: 'BPVTxyznuviiiwwtb' stride=40 count=6344 BPVT=True real_normals=False bones=True tangents=True uv2=False flip_z=False
  UV2 SUMMARY: 2 of 4 group(s) carry a second UV set (via interleaved format OR sidecar .uv2 section):
    + track_L_Shape
    + track_R_Shape
  Distinct vertex formats in this file: 'BPVTxyznuviiiwwtb'
[PkgExtractor] Chassis.primitives_processed <- vehicles_level_08-part2.pkg

Found 4 primitive group(s):
  [+v +i +u2 -c] track_R_Shape
  [+v +i +u2 -c] track_L_Shape
  [+v +i -u2 -c] exportChassL1_Shape
  [+v +i -u2 -c] exportChassR1_Shape
  Vertex format: 'BPVTxyznuviiiwwtb' stride=40 count=1128 BPVT=True real_normals=False bones=True tangents=True uv2=False flip_z=False
  [uv2] 'track_R_Shape': format='BPVSuv2'  count=1128  body_offset=136  -- parsed sidecar UV2 section
  Vertex format: 'BPVTxyznuviiiwwtb' stride=40 count=1128 BPVT=True real_normals=False bones=True tangents=True uv2=False flip_z=False
  [uv2] 'track_L_Shape': format='BPVSuv2'  count=1128  body_offset=136  -- parsed sidecar UV2 section
  Vertex format: 'BPVTxyznuviiiwwtb' stride=40 count=8884 BPVT=True real_normals=False bones=True tangents=True uv2=False flip_z=False
  Vertex format: 'BPVTxyznuviiiwwtb' stride=40 count=8884 BPVT=True real_normals=False bones=True tangents=True uv2=False flip_z=False
  UV2 SUMMARY: 2 of 4 group(s) carry a second UV set (via interleaved format OR sidecar .uv2 section):
    + track_R_Shape
    + track_L_Shape
  Distinct vertex formats in this file: 'BPVTxyznuviiiwwtb'
[PkgExtractor] Chassis.primitives_processed <- vehicles_level_09-part2.pkg

Found 4 primitive group(s):
  [+v +i +u2 -c] track_L_Shape
  [+v +i +u2 -c] track_R_Shape
  [+v +i -u2 -c] exportChassL1_Shape
  [+v +i -u2 -c] exportChassR1_Shape
  Vertex format: 'BPVTxyznuviiiwwtb' stride=40 count=1716 BPVT=True real_normals=False bones=True tangents=True uv2=False flip_z=False
  [uv2] 'track_L_Shape': format='BPVSuv2'  count=1716  body_offset=136  -- parsed sidecar UV2 section
  Vertex format: 'BPVTxyznuviiiwwtb' stride=40 count=1716 BPVT=True real_normals=False bones=True tangents=True uv2=False flip_z=False
  [uv2] 'track_R_Shape': format='BPVSuv2'  count=1716  body_offset=136  -- parsed sidecar UV2 section
  Vertex format: 'BPVTxyznuviiiwwtb' stride=40 count=5116 BPVT=True real_normals=False bones=True tangents=True uv2=False flip_z=False
  Vertex format: 'BPVTxyznuviiiwwtb' stride=40 count=5116 BPVT=True real_normals=False bones=True tangents=True uv2=False flip_z=False
  UV2 SUMMARY: 2 of 4 group(s) carry a second UV set (via interleaved format OR sidecar .uv2 section):
    + track_L_Shape
    + track_R_Shape
  Distinct vertex formats in this file: 'BPVTxyznuviiiwwtb'
[PkgExtractor] Chassis.primitives_processed <- vehicles_level_09-part2.pkg

Found 4 primitive group(s):
  [+v +i +u2 -c] track_L_Shape
  [+v +i +u2 -c] track_R_Shape
  [+v +i -u2 -c] exportChassL1_Shape
  [+v +i -u2 -c] exportChassR1_Shape
  Vertex format: 'BPVTxyznuviiiwwtb' stride=40 count=1380 BPVT=True real_normals=False bones=True tangents=True uv2=False flip_z=False
  [uv2] 'track_L_Shape': format='BPVSuv2'  count=1380  body_offset=136  -- parsed sidecar UV2 section
  Vertex format: 'BPVTxyznuviiiwwtb' stride=40 count=1380 BPVT=True real_normals=False bones=True tangents=True uv2=False flip_z=False
  [uv2] 'track_R_Shape': format='BPVSuv2'  count=1380  body_offset=136  -- parsed sidecar UV2 section
  Vertex format: 'BPVTxyznuviiiwwtb' stride=40 count=9252 BPVT=True real_normals=False bones=True tangents=True uv2=False flip_z=False
  Vertex format: 'BPVTxyznuviiiwwtb' stride=40 count=9252 BPVT=True real_normals=False bones=True tangents=True uv2=False flip_z=False
  UV2 SUMMARY: 2 of 4 group(s) carry a second UV set (via interleaved format OR sidecar .uv2 section):
    + track_L_Shape
    + track_R_Shape
  Distinct vertex formats in this file: 'BPVTxyznuviiiwwtb'
[PkgExtractor] Chassis.primitives_processed <- vehicles_level_09-part2.pkg

Found 4 primitive group(s):
  [+v +i +u2 -c] track_L_Shape
  [+v +i +u2 -c] track_R_Shape
  [+v +i -u2 -c] exportChassL1_Shape
  [+v +i -u2 -c] exportChassR1_Shape
  Vertex format: 'BPVTxyznuviiiwwtb' stride=40 count=1079 BPVT=True real_normals=False bones=True tangents=True uv2=False flip_z=False
  [uv2] 'track_L_Shape': format='BPVSuv2'  count=1079  body_offset=136  -- parsed sidecar UV2 section
  Vertex format: 'BPVTxyznuviiiwwtb' stride=40 count=1115 BPVT=True real_normals=False bones=True tangents=True uv2=False flip_z=False
  [uv2] 'track_R_Shape': format='BPVSuv2'  count=1115  body_offset=136  -- parsed sidecar UV2 section
  Vertex format: 'BPVTxyznuviiiwwtb' stride=40 count=8219 BPVT=True real_normals=False bones=True tangents=True uv2=False flip_z=False
  Vertex format: 'BPVTxyznuviiiwwtb' stride=40 count=8219 BPVT=True real_normals=False bones=True tangents=True uv2=False flip_z=False
  UV2 SUMMARY: 2 of 4 group(s) carry a second UV set (via interleaved format OR sidecar .uv2 section):
    + track_L_Shape
    + track_R_Shape
  Distinct vertex formats in this file: 'BPVTxyznuviiiwwtb'
  [500/1215] 14.4s, 34.7 tanks/s, flags={'ERR': 440, 'ALLSHP': 60}
[PkgExtractor] Chassis.primitives_processed <- vehicles_level_09-part1.pkg

Found 4 primitive group(s):
  [+v +i +u2 -c] track_L_Shape
  [+v +i +u2 -c] track_R_Shape
  [+v +i -u2 -c] exportChassL1_Shape
  [+v +i -u2 -c] exportChassR1_Shape
  Vertex format: 'BPVTxyznuviiiwwtb' stride=40 count=2371 BPVT=True real_normals=False bones=True tangents=True uv2=False flip_z=False
  [uv2] 'track_L_Shape': format='BPVSuv2'  count=2371  body_offset=136  -- parsed sidecar UV2 section
  Vertex format: 'BPVTxyznuviiiwwtb' stride=40 count=2364 BPVT=True real_normals=False bones=True tangents=True uv2=False flip_z=False
  [uv2] 'track_R_Shape': format='BPVSuv2'  count=2364  body_offset=136  -- parsed sidecar UV2 section
  Vertex format: 'BPVTxyznuviiiwwtb' stride=40 count=8815 BPVT=True real_normals=False bones=True tangents=True uv2=False flip_z=False
  Vertex format: 'BPVTxyznuviiiwwtb' stride=40 count=8815 BPVT=True real_normals=False bones=True tangents=True uv2=False flip_z=False
  UV2 SUMMARY: 2 of 4 group(s) carry a second UV set (via interleaved format OR sidecar .uv2 section):
    + track_L_Shape
    + track_R_Shape
  Distinct vertex formats in this file: 'BPVTxyznuviiiwwtb'
[PkgExtractor] Chassis.primitives_processed <- vehicles_level_09-part2.pkg

Found 4 primitive group(s):
  [+v +i +u2 -c] track_L_Shape
  [+v +i +u2 -c] track_R_Shape
  [+v +i -u2 -c] exportChassL1_Shape
  [+v +i -u2 -c] exportChassR1_Shape
  Vertex format: 'BPVTxyznuviiiwwtb' stride=40 count=1430 BPVT=True real_normals=False bones=True tangents=True uv2=False flip_z=False
  [uv2] 'track_L_Shape': format='BPVSuv2'  count=1430  body_offset=136  -- parsed sidecar UV2 section
  Vertex format: 'BPVTxyznuviiiwwtb' stride=40 count=1428 BPVT=True real_normals=False bones=True tangents=True uv2=False flip_z=False
  [uv2] 'track_R_Shape': format='BPVSuv2'  count=1428  body_offset=136  -- parsed sidecar UV2 section
  Vertex format: 'BPVTxyznuviiiwwtb' stride=40 count=8450 BPVT=True real_normals=False bones=True tangents=True uv2=False flip_z=False
  Vertex format: 'BPVTxyznuviiiwwtb' stride=40 count=8450 BPVT=True real_normals=False bones=True tangents=True uv2=False flip_z=False
  UV2 SUMMARY: 2 of 4 group(s) carry a second UV set (via interleaved format OR sidecar .uv2 section):
    + track_L_Shape
    + track_R_Shape
  Distinct vertex formats in this file: 'BPVTxyznuviiiwwtb'
[PkgExtractor] Chassis.primitives_processed <- vehicles_level_09-part2.pkg

Found 4 primitive group(s):
  [+v +i +u2 -c] track_R_Shape
  [+v +i +u2 -c] track_L_Shape
  [+v +i -u2 -c] chassis_L_Shape
  [+v +i -u2 -c] chassis_R_Shape
  Vertex format: 'BPVTxyznuviiiwwtb' stride=40 count=2130 BPVT=True real_normals=False bones=True tangents=True uv2=False flip_z=False
  [uv2] 'track_R_Shape': format='BPVSuv2'  count=2130  body_offset=136  -- parsed sidecar UV2 section
  Vertex format: 'BPVTxyznuviiiwwtb' stride=40 count=2130 BPVT=True real_normals=False bones=True tangents=True uv2=False flip_z=False
  [uv2] 'track_L_Shape': format='BPVSuv2'  count=2130  body_offset=136  -- parsed sidecar UV2 section
  Vertex format: 'BPVTxyznuviiiwwtb' stride=40 count=13092 BPVT=True real_normals=False bones=True tangents=True uv2=False flip_z=False
  Vertex format: 'BPVTxyznuviiiwwtb' stride=40 count=13092 BPVT=True real_normals=False bones=True tangents=True uv2=False flip_z=False
  UV2 SUMMARY: 2 of 4 group(s) carry a second UV set (via interleaved format OR sidecar .uv2 section):
    + track_R_Shape
    + track_L_Shape
  Distinct vertex formats in this file: 'BPVTxyznuviiiwwtb'
[PkgExtractor] Chassis.primitives_processed <- vehicles_level_09-part2.pkg

Found 4 primitive group(s):
  [+v +i +u2 -c] track_R_Shape
  [+v +i +u2 -c] track_L_Shape
  [+v +i -u2 -c] chassis_LShape
  [+v +i -u2 -c] chassis_RShape
  Vertex format: 'BPVTxyznuviiiwwtb' stride=40 count=1776 BPVT=True real_normals=False bones=True tangents=True uv2=False flip_z=False
  [uv2] 'track_R_Shape': format='BPVSuv2'  count=1776  body_offset=136  -- parsed sidecar UV2 section
  Vertex format: 'BPVTxyznuviiiwwtb' stride=40 count=1776 BPVT=True real_normals=False bones=True tangents=True uv2=False flip_z=False
  [uv2] 'track_L_Shape': format='BPVSuv2'  count=1776  body_offset=136  -- parsed sidecar UV2 section
  Vertex format: 'BPVTxyznuviiiwwtb' stride=40 count=16300 BPVT=True real_normals=False bones=True tangents=True uv2=False flip_z=False
  Vertex format: 'BPVTxyznuviiiwwtb' stride=40 count=16300 BPVT=True real_normals=False bones=True tangents=True uv2=False flip_z=False
  UV2 SUMMARY: 2 of 4 group(s) carry a second UV set (via interleaved format OR sidecar .uv2 section):
    + track_R_Shape
    + track_L_Shape
  Distinct vertex formats in this file: 'BPVTxyznuviiiwwtb'
[PkgExtractor] Chassis.primitives_processed <- vehicles_level_10-part2.pkg

Found 4 primitive group(s):
  [+v +i +u2 -c] track_L_Shape
  [+v +i +u2 -c] track_R_Shape
  [+v +i -u2 -c] exportChassL1_Shape
  [+v +i -u2 -c] exportChassR1_Shape
  Vertex format: 'BPVTxyznuviiiwwtb' stride=40 count=1403 BPVT=True real_normals=False bones=True tangents=True uv2=False flip_z=False
  [uv2] 'track_L_Shape': format='BPVSuv2'  count=1403  body_offset=136  -- parsed sidecar UV2 section
  Vertex format: 'BPVTxyznuviiiwwtb' stride=40 count=1362 BPVT=True real_normals=False bones=True tangents=True uv2=False flip_z=False
  [uv2] 'track_R_Shape': format='BPVSuv2'  count=1362  body_offset=136  -- parsed sidecar UV2 section
  Vertex format: 'BPVTxyznuviiiwwtb' stride=40 count=6961 BPVT=True real_normals=False bones=True tangents=True uv2=False flip_z=False
  Vertex format: 'BPVTxyznuviiiwwtb' stride=40 count=7106 BPVT=True real_normals=False bones=True tangents=True uv2=False flip_z=False
  UV2 SUMMARY: 2 of 4 group(s) carry a second UV set (via interleaved format OR sidecar .uv2 section):
    + track_L_Shape
    + track_R_Shape
  Distinct vertex formats in this file: 'BPVTxyznuviiiwwtb'
[PkgExtractor] Chassis.primitives_processed <- vehicles_level_10-part3.pkg

Found 4 primitive group(s):
  [+v +i +u2 -c] track_L_Shape
  [+v +i +u2 -c] track_R_Shape
  [+v +i -u2 -c] exportChassL1_Shape
  [+v +i -u2 -c] exportChassR1_Shape
  Vertex format: 'BPVTxyznuviiiwwtb' stride=40 count=1606 BPVT=True real_normals=False bones=True tangents=True uv2=False flip_z=False
  [uv2] 'track_L_Shape': format='BPVSuv2'  count=1606  body_offset=136  -- parsed sidecar UV2 section
  Vertex format: 'BPVTxyznuviiiwwtb' stride=40 count=1606 BPVT=True real_normals=False bones=True tangents=True uv2=False flip_z=False
  [uv2] 'track_R_Shape': format='BPVSuv2'  count=1606  body_offset=136  -- parsed sidecar UV2 section
  Vertex format: 'BPVTxyznuviiiwwtb' stride=40 count=6718 BPVT=True real_normals=False bones=True tangents=True uv2=False flip_z=False
  Vertex format: 'BPVTxyznuviiiwwtb' stride=40 count=6718 BPVT=True real_normals=False bones=True tangents=True uv2=False flip_z=False
  UV2 SUMMARY: 2 of 4 group(s) carry a second UV set (via interleaved format OR sidecar .uv2 section):
    + track_L_Shape
    + track_R_Shape
  Distinct vertex formats in this file: 'BPVTxyznuviiiwwtb'
[PkgExtractor] Chassis.primitives_processed <- vehicles_level_10-part1.pkg

Found 4 primitive group(s):
  [+v +i +u2 -c] track_L_Shape
  [+v +i +u2 -c] track_R_Shape
  [+v +i -u2 -c] exportChassL1_Shape
  [+v +i -u2 -c] exportChassR1_Shape
  Vertex format: 'BPVTxyznuviiiwwtb' stride=40 count=1496 BPVT=True real_normals=False bones=True tangents=True uv2=False flip_z=False
  [uv2] 'track_L_Shape': format='BPVSuv2'  count=1496  body_offset=136  -- parsed sidecar UV2 section
  Vertex format: 'BPVTxyznuviiiwwtb' stride=40 count=1474 BPVT=True real_normals=False bones=True tangents=True uv2=False flip_z=False
  [uv2] 'track_R_Shape': format='BPVSuv2'  count=1474  body_offset=136  -- parsed sidecar UV2 section
  Vertex format: 'BPVTxyznuviiiwwtb' stride=40 count=8140 BPVT=True real_normals=False bones=True tangents=True uv2=False flip_z=False
  Vertex format: 'BPVTxyznuviiiwwtb' stride=40 count=8140 BPVT=True real_normals=False bones=True tangents=True uv2=False flip_z=False
  UV2 SUMMARY: 2 of 4 group(s) carry a second UV set (via interleaved format OR sidecar .uv2 section):
    + track_L_Shape
    + track_R_Shape
  Distinct vertex formats in this file: 'BPVTxyznuviiiwwtb'
[PkgExtractor] Chassis.primitives_processed <- vehicles_level_10-part2.pkg

Found 4 primitive group(s):
  [+v +i +u2 -c] track_L_Shape
  [+v +i +u2 -c] track_R_Shape
  [+v +i -u2 -c] exportChassL1_Shape
  [+v +i -u2 -c] exportChassR1_Shape
  Vertex format: 'BPVTxyznuviiiwwtb' stride=40 count=1496 BPVT=True real_normals=False bones=True tangents=True uv2=False flip_z=False
  [uv2] 'track_L_Shape': format='BPVSuv2'  count=1496  body_offset=136  -- parsed sidecar UV2 section
  Vertex format: 'BPVTxyznuviiiwwtb' stride=40 count=1496 BPVT=True real_normals=False bones=True tangents=True uv2=False flip_z=False
  [uv2] 'track_R_Shape': format='BPVSuv2'  count=1496  body_offset=136  -- parsed sidecar UV2 section
  Vertex format: 'BPVTxyznuviiiwwtb' stride=40 count=7168 BPVT=True real_normals=False bones=True tangents=True uv2=False flip_z=False
  Vertex format: 'BPVTxyznuviiiwwtb' stride=40 count=7168 BPVT=True real_normals=False bones=True tangents=True uv2=False flip_z=False
  UV2 SUMMARY: 2 of 4 group(s) carry a second UV set (via interleaved format OR sidecar .uv2 section):
    + track_L_Shape
    + track_R_Shape
  Distinct vertex formats in this file: 'BPVTxyznuviiiwwtb'
[PkgExtractor] Chassis.primitives_processed <- vehicles_level_10-part3.pkg

Found 4 primitive group(s):
  [+v +i +u2 -c] track_L_Shape
  [+v +i +u2 -c] track_R_Shape
  [+v +i -u2 -c] exportChassL1_Shape
  [+v +i -u2 -c] exportChassR1_Shape
  Vertex format: 'BPVTxyznuviiiwwtb' stride=40 count=1606 BPVT=True real_normals=False bones=True tangents=True uv2=False flip_z=False
  [uv2] 'track_L_Shape': format='BPVSuv2'  count=1606  body_offset=136  -- parsed sidecar UV2 section
  Vertex format: 'BPVTxyznuviiiwwtb' stride=40 count=1606 BPVT=True real_normals=False bones=True tangents=True uv2=False flip_z=False
  [uv2] 'track_R_Shape': format='BPVSuv2'  count=1606  body_offset=136  -- parsed sidecar UV2 section
  Vertex format: 'BPVTxyznuviiiwwtb' stride=40 count=5895 BPVT=True real_normals=False bones=True tangents=True uv2=False flip_z=False
  Vertex format: 'BPVTxyznuviiiwwtb' stride=40 count=5895 BPVT=True real_normals=False bones=True tangents=True uv2=False flip_z=False
  UV2 SUMMARY: 2 of 4 group(s) carry a second UV set (via interleaved format OR sidecar .uv2 section):
    + track_L_Shape
    + track_R_Shape
  Distinct vertex formats in this file: 'BPVTxyznuviiiwwtb'
[PkgExtractor] Chassis.primitives_processed <- vehicles_level_10-part1.pkg

Found 4 primitive group(s):
  [+v +i +u2 -c] track_R_Shape
  [+v +i +u2 -c] track_L_Shape
  [+v +i -u2 -c] chassis_LShape
  [+v +i -u2 -c] chassis_RShape
  Vertex format: 'BPVTxyznuviiiwwtb' stride=40 count=1695 BPVT=True real_normals=False bones=True tangents=True uv2=False flip_z=False
  [uv2] 'track_R_Shape': format='BPVSuv2'  count=1695  body_offset=136  -- parsed sidecar UV2 section
  Vertex format: 'BPVTxyznuviiiwwtb' stride=40 count=1694 BPVT=True real_normals=False bones=True tangents=True uv2=False flip_z=False
  [uv2] 'track_L_Shape': format='BPVSuv2'  count=1694  body_offset=136  -- parsed sidecar UV2 section
  Vertex format: 'BPVTxyznuviiiwwtb' stride=40 count=14628 BPVT=True real_normals=False bones=True tangents=True uv2=False flip_z=False
  Vertex format: 'BPVTxyznuviiiwwtb' stride=40 count=14628 BPVT=True real_normals=False bones=True tangents=True uv2=False flip_z=False
  UV2 SUMMARY: 2 of 4 group(s) carry a second UV set (via interleaved format OR sidecar .uv2 section):
    + track_R_Shape
    + track_L_Shape
  Distinct vertex formats in this file: 'BPVTxyznuviiiwwtb'
[PkgExtractor] Chassis.primitives_processed <- vehicles_level_01.pkg

Found 6 primitive group(s):
  [+v +i +u2 -c] track_R_Shape
  [+v +i +u2 -c] track_L_Shape
  [+v +i -u2 -c] exportChassL1_Shape_split_1
  [+v +i -u2 -c] exportChassL1_Shape_split_0
  [+v +i -u2 -c] exportChassR1_Shape_split_1
  [+v +i -u2 -c] exportChassR1_Shape_split_0
  Vertex format: 'BPVTxyznuviiiwwtb' stride=40 count=1976 BPVT=True real_normals=False bones=True tangents=True uv2=False flip_z=False
  [uv2] 'track_R_Shape': format='BPVSuv2'  count=1976  body_offset=136  -- parsed sidecar UV2 section
  Vertex format: 'BPVTxyznuviiiwwtb' stride=40 count=1976 BPVT=True real_normals=False bones=True tangents=True uv2=False flip_z=False
  [uv2] 'track_L_Shape': format='BPVSuv2'  count=1976  body_offset=136  -- parsed sidecar UV2 section
  Vertex format: 'BPVTxyznuviiiwwtb' stride=40 count=156 BPVT=True real_normals=False bones=True tangents=True uv2=False flip_z=False
  Vertex format: 'BPVTxyznuviiiwwtb' stride=40 count=9563 BPVT=True real_normals=False bones=True tangents=True uv2=False flip_z=False
  Vertex format: 'BPVTxyznuviiiwwtb' stride=40 count=156 BPVT=True real_normals=False bones=True tangents=True uv2=False flip_z=False
  Vertex format: 'BPVTxyznuviiiwwtb' stride=40 count=9563 BPVT=True real_normals=False bones=True tangents=True uv2=False flip_z=False
  UV2 SUMMARY: 2 of 6 group(s) carry a second UV set (via interleaved format OR sidecar .uv2 section):
    + track_R_Shape
    + track_L_Shape
  Distinct vertex formats in this file: 'BPVTxyznuviiiwwtb'
[PkgExtractor] Chassis.primitives_processed <- vehicles_level_02.pkg

Found 4 primitive group(s):
  [+v +i +u2 -c] track_RShape
  [+v +i +u2 -c] track_LShape
  [+v +i -u2 -c] chassis_LShape
  [+v +i -u2 -c] chassis_RShape
  Vertex format: 'BPVTxyznuviiiwwtb' stride=40 count=954 BPVT=True real_normals=False bones=True tangents=True uv2=False flip_z=False
  [uv2] 'track_RShape': format='BPVSuv2'  count=954  body_offset=136  -- parsed sidecar UV2 section
  Vertex format: 'BPVTxyznuviiiwwtb' stride=40 count=954 BPVT=True real_normals=False bones=True tangents=True uv2=False flip_z=False
  [uv2] 'track_LShape': format='BPVSuv2'  count=954  body_offset=136  -- parsed sidecar UV2 section
  Vertex format: 'BPVTxyznuviiiwwtb' stride=40 count=8743 BPVT=True real_normals=False bones=True tangents=True uv2=False flip_z=False
  Vertex format: 'BPVTxyznuviiiwwtb' stride=40 count=8743 BPVT=True real_normals=False bones=True tangents=True uv2=False flip_z=False
  UV2 SUMMARY: 2 of 4 group(s) carry a second UV set (via interleaved format OR sidecar .uv2 section):
    + track_RShape
    + track_LShape
  Distinct vertex formats in this file: 'BPVTxyznuviiiwwtb'
[PkgExtractor] Chassis.primitives_processed <- vehicles_level_02.pkg

Found 4 primitive group(s):
  [+v +i -u2 -c] chassis_RShape
  [+v +i -u2 -c] chassis_LShape
  [+v +i +u2 -c] track_RShape
  [+v +i +u2 -c] track_LShape
  Vertex format: 'BPVTxyznuviiiwwtb' stride=40 count=9077 BPVT=True real_normals=False bones=True tangents=True uv2=False flip_z=False
  Vertex format: 'BPVTxyznuviiiwwtb' stride=40 count=9077 BPVT=True real_normals=False bones=True tangents=True uv2=False flip_z=False
  Vertex format: 'BPVTxyznuviiiwwtb' stride=40 count=1122 BPVT=True real_normals=False bones=True tangents=True uv2=False flip_z=False
  [uv2] 'track_RShape': format='BPVSuv2'  count=1122  body_offset=136  -- parsed sidecar UV2 section
  Vertex format: 'BPVTxyznuviiiwwtb' stride=40 count=1122 BPVT=True real_normals=False bones=True tangents=True uv2=False flip_z=False
  [uv2] 'track_LShape': format='BPVSuv2'  count=1122  body_offset=136  -- parsed sidecar UV2 section
  UV2 SUMMARY: 2 of 4 group(s) carry a second UV set (via interleaved format OR sidecar .uv2 section):
    + track_RShape
    + track_LShape
  Distinct vertex formats in this file: 'BPVTxyznuviiiwwtb'
[PkgExtractor] Chassis.primitives_processed <- vehicles_level_02.pkg

Found 4 primitive group(s):
  [+v +i +u2 -c] track_RShape
  [+v +i +u2 -c] track_LShape
  [+v +i -u2 -c] exportChassL1_Shape
  [+v +i -u2 -c] exportChassR1_Shape
  Vertex format: 'BPVTxyznuviiiwwtb' stride=40 count=1534 BPVT=True real_normals=False bones=True tangents=True uv2=False flip_z=False
  [uv2] 'track_RShape': format='BPVSuv2'  count=1534  body_offset=136  -- parsed sidecar UV2 section
  Vertex format: 'BPVTxyznuviiiwwtb' stride=40 count=1534 BPVT=True real_normals=False bones=True tangents=True uv2=False flip_z=False
  [uv2] 'track_LShape': format='BPVSuv2'  count=1534  body_offset=136  -- parsed sidecar UV2 section
  Vertex format: 'BPVTxyznuviiiwwtb' stride=40 count=11460 BPVT=True real_normals=False bones=True tangents=True uv2=False flip_z=False
  Vertex format: 'BPVTxyznuviiiwwtb' stride=40 count=11460 BPVT=True real_normals=False bones=True tangents=True uv2=False flip_z=False
  UV2 SUMMARY: 2 of 4 group(s) carry a second UV set (via interleaved format OR sidecar .uv2 section):
    + track_RShape
    + track_LShape
  Distinct vertex formats in this file: 'BPVTxyznuviiiwwtb'
[PkgExtractor] Chassis.primitives_processed <- vehicles_level_02.pkg

Found 4 primitive group(s):
  [+v +i -u2 -c] chassis_RShape
  [+v +i -u2 -c] chassis_LShape
  [+v +i +u2 -c] track_LShape
  [+v +i +u2 -c] track_RShape
  Vertex format: 'BPVTxyznuviiiwwtb' stride=40 count=7774 BPVT=True real_normals=False bones=True tangents=True uv2=False flip_z=False
  Vertex format: 'BPVTxyznuviiiwwtb' stride=40 count=7774 BPVT=True real_normals=False bones=True tangents=True uv2=False flip_z=False
  Vertex format: 'BPVTxyznuviiiwwtb' stride=40 count=1704 BPVT=True real_normals=False bones=True tangents=True uv2=False flip_z=False
  [uv2] 'track_LShape': format='BPVSuv2'  count=1704  body_offset=136  -- parsed sidecar UV2 section
  Vertex format: 'BPVTxyznuviiiwwtb' stride=40 count=1704 BPVT=True real_normals=False bones=True tangents=True uv2=False flip_z=False
  [uv2] 'track_RShape': format='BPVSuv2'  count=1704  body_offset=136  -- parsed sidecar UV2 section
  UV2 SUMMARY: 2 of 4 group(s) carry a second UV set (via interleaved format OR sidecar .uv2 section):
    + track_LShape
    + track_RShape
  Distinct vertex formats in this file: 'BPVTxyznuviiiwwtb'
[PkgExtractor] Chassis.primitives_processed <- vehicles_level_03.pkg

Found 6 primitive group(s):
  [+v +i -u2 -c] chassis_R_Shape_split_1
  [+v +i -u2 -c] chassis_R_Shape_split_0
  [+v +i -u2 -c] chassis_L_Shape_split_1
  [+v +i -u2 -c] chassis_L_Shape_split_0
  [+v +i +u2 -c] track_R_Shape
  [+v +i +u2 -c] track_L_Shape
  Vertex format: 'BPVTxyznuviiiwwtb' stride=40 count=20 BPVT=True real_normals=False bones=True tangents=True uv2=False flip_z=False
  Vertex format: 'BPVTxyznuviiiwwtb' stride=40 count=10076 BPVT=True real_normals=False bones=True tangents=True uv2=False flip_z=False
  Vertex format: 'BPVTxyznuviiiwwtb' stride=40 count=20 BPVT=True real_normals=False bones=True tangents=True uv2=False flip_z=False
  Vertex format: 'BPVTxyznuviiiwwtb' stride=40 count=10076 BPVT=True real_normals=False bones=True tangents=True uv2=False flip_z=False
  Vertex format: 'BPVTxyznuviiiwwtb' stride=40 count=1232 BPVT=True real_normals=False bones=True tangents=True uv2=False flip_z=False
  [uv2] 'track_R_Shape': format='BPVSuv2'  count=1232  body_offset=136  -- parsed sidecar UV2 section
  Vertex format: 'BPVTxyznuviiiwwtb' stride=40 count=1232 BPVT=True real_normals=False bones=True tangents=True uv2=False flip_z=False
  [uv2] 'track_L_Shape': format='BPVSuv2'  count=1232  body_offset=136  -- parsed sidecar UV2 section
  UV2 SUMMARY: 2 of 6 group(s) carry a second UV set (via interleaved format OR sidecar .uv2 section):
    + track_R_Shape
    + track_L_Shape
  Distinct vertex formats in this file: 'BPVTxyznuviiiwwtb'
[PkgExtractor] Chassis.primitives_processed <- vehicles_level_03.pkg

Found 4 primitive group(s):
  [+v +i +u2 -c] track_L_Shape
  [+v +i +u2 -c] track_R_Shape
  [+v +i -u2 -c] exportChassL1_Shape
  [+v +i -u2 -c] exportChassR1_Shape
  Vertex format: 'BPVTxyznuviiiwwtb' stride=40 count=1276 BPVT=True real_normals=False bones=True tangents=True uv2=False flip_z=False
  [uv2] 'track_L_Shape': format='BPVSuv2'  count=1276  body_offset=136  -- parsed sidecar UV2 section
  Vertex format: 'BPVTxyznuviiiwwtb' stride=40 count=1276 BPVT=True real_normals=False bones=True tangents=True uv2=False flip_z=False
  [uv2] 'track_R_Shape': format='BPVSuv2'  count=1276  body_offset=136  -- parsed sidecar UV2 section
  Vertex format: 'BPVTxyznuviiiwwtb' stride=40 count=6435 BPVT=True real_normals=False bones=True tangents=True uv2=False flip_z=False
  Vertex format: 'BPVTxyznuviiiwwtb' stride=40 count=6435 BPVT=True real_normals=False bones=True tangents=True uv2=False flip_z=False
  UV2 SUMMARY: 2 of 4 group(s) carry a second UV set (via interleaved format OR sidecar .uv2 section):
    + track_L_Shape
    + track_R_Shape
  Distinct vertex formats in this file: 'BPVTxyznuviiiwwtb'
[PkgExtractor] Chassis.primitives_processed <- vehicles_level_03.pkg

Found 4 primitive group(s):
  [+v +i +u2 -c] track_LShape
  [+v +i +u2 -c] track_RShape
  [+v +i -u2 -c] exportChassLShape
  [+v +i -u2 -c] exportChassRShape
  Vertex format: 'BPVTxyznuviiiwwtb' stride=40 count=1518 BPVT=True real_normals=False bones=True tangents=True uv2=False flip_z=False
  [uv2] 'track_LShape': format='BPVSuv2'  count=1518  body_offset=136  -- parsed sidecar UV2 section
  Vertex format: 'BPVTxyznuviiiwwtb' stride=40 count=1518 BPVT=True real_normals=False bones=True tangents=True uv2=False flip_z=False
  [uv2] 'track_RShape': format='BPVSuv2'  count=1518  body_offset=136  -- parsed sidecar UV2 section
  Vertex format: 'BPVTxyznuviiiwwtb' stride=40 count=12633 BPVT=True real_normals=False bones=True tangents=True uv2=False flip_z=False
  Vertex format: 'BPVTxyznuviiiwwtb' stride=40 count=12633 BPVT=True real_normals=False bones=True tangents=True uv2=False flip_z=False
  UV2 SUMMARY: 2 of 4 group(s) carry a second UV set (via interleaved format OR sidecar .uv2 section):
    + track_LShape
    + track_RShape
  Distinct vertex formats in this file: 'BPVTxyznuviiiwwtb'
[PkgExtractor] Chassis.primitives_processed <- vehicles_level_03.pkg

Found 8 primitive group(s):
  [+v +i +u2 -c] track_R_Shape_split_1
  [+v +i +u2 -c] track_R_Shape_split_0
  [+v +i +u2 -c] track_L_Shape_split_1
  [+v +i +u2 -c] track_L_Shape_split_0
  [+v +i -u2 -c] exportChassL1_Shape_split_1
  [+v +i -u2 -c] exportChassL1_Shape_split_0
  [+v +i -u2 -c] exportChassR1_Shape_split_1
  [+v +i -u2 -c] exportChassR1_Shape_split_0
  Vertex format: 'BPVTxyznuviiiwwtb' stride=40 count=128 BPVT=True real_normals=False bones=True tangents=True uv2=False flip_z=False
  [uv2] 'track_R_Shape_split_1': format='BPVSuv2'  count=128  body_offset=136  -- parsed sidecar UV2 section
  Vertex format: 'BPVTxyznuviiiwwtb' stride=40 count=1504 BPVT=True real_normals=False bones=True tangents=True uv2=False flip_z=False
  [uv2] 'track_R_Shape_split_0': format='BPVSuv2'  count=1504  body_offset=136  -- parsed sidecar UV2 section
  Vertex format: 'BPVTxyznuviiiwwtb' stride=40 count=128 BPVT=True real_normals=False bones=True tangents=True uv2=False flip_z=False
  [uv2] 'track_L_Shape_split_1': format='BPVSuv2'  count=128  body_offset=136  -- parsed sidecar UV2 section
  Vertex format: 'BPVTxyznuviiiwwtb' stride=40 count=1504 BPVT=True real_normals=False bones=True tangents=True uv2=False flip_z=False
  [uv2] 'track_L_Shape_split_0': format='BPVSuv2'  count=1504  body_offset=136  -- parsed sidecar UV2 section
  Vertex format: 'BPVTxyznuviiiwwtb' stride=40 count=4608 BPVT=True real_normals=False bones=True tangents=True uv2=False flip_z=False
  Vertex format: 'BPVTxyznuviiiwwtb' stride=40 count=8951 BPVT=True real_normals=False bones=True tangents=True uv2=False flip_z=False
  Vertex format: 'BPVTxyznuviiiwwtb' stride=40 count=4608 BPVT=True real_normals=False bones=True tangents=True uv2=False flip_z=False
  Vertex format: 'BPVTxyznuviiiwwtb' stride=40 count=8951 BPVT=True real_normals=False bones=True tangents=True uv2=False flip_z=False
  UV2 SUMMARY: 4 of 8 group(s) carry a second UV set (via interleaved format OR sidecar .uv2 section):
    + track_R_Shape_split_1
    + track_R_Shape_split_0
    + track_L_Shape_split_1
    + track_L_Shape_split_0
  Distinct vertex formats in this file: 'BPVTxyznuviiiwwtb'
[PkgExtractor] Chassis.primitives_processed <- vehicles_level_04.pkg

Found 4 primitive group(s):
  [+v +i +u2 -c] track_LShape
  [+v +i +u2 -c] track_RShape
  [+v +i -u2 -c] exportChassLShape
  [+v +i -u2 -c] exportChassRShape
  Vertex format: 'BPVTxyznuviiiwwtb' stride=40 count=1613 BPVT=True real_normals=False bones=True tangents=True uv2=False flip_z=False
  [uv2] 'track_LShape': format='BPVSuv2'  count=1613  body_offset=136  -- parsed sidecar UV2 section
  Vertex format: 'BPVTxyznuviiiwwtb' stride=40 count=1613 BPVT=True real_normals=False bones=True tangents=True uv2=False flip_z=False
  [uv2] 'track_RShape': format='BPVSuv2'  count=1613  body_offset=136  -- parsed sidecar UV2 section
  Vertex format: 'BPVTxyznuviiiwwtb' stride=40 count=11834 BPVT=True real_normals=False bones=True tangents=True uv2=False flip_z=False
  Vertex format: 'BPVTxyznuviiiwwtb' stride=40 count=11834 BPVT=True real_normals=False bones=True tangents=True uv2=False flip_z=False
  UV2 SUMMARY: 2 of 4 group(s) carry a second UV set (via interleaved format OR sidecar .uv2 section):
    + track_LShape
    + track_RShape
  Distinct vertex formats in this file: 'BPVTxyznuviiiwwtb'
[PkgExtractor] Chassis.primitives_processed <- vehicles_level_04.pkg

Found 4 primitive group(s):
  [+v +i +u2 -c] track_RShape
  [+v +i +u2 -c] track_LShape
  [+v +i -u2 -c] exportChassL1Shape
  [+v +i -u2 -c] exportChassR1Shape
  Vertex format: 'BPVTxyznuviiiwwtb' stride=40 count=1416 BPVT=True real_normals=False bones=True tangents=True uv2=False flip_z=False
  [uv2] 'track_RShape': format='BPVSuv2'  count=1416  body_offset=136  -- parsed sidecar UV2 section
  Vertex format: 'BPVTxyznuviiiwwtb' stride=40 count=1416 BPVT=True real_normals=False bones=True tangents=True uv2=False flip_z=False
  [uv2] 'track_LShape': format='BPVSuv2'  count=1416  body_offset=136  -- parsed sidecar UV2 section
  Vertex format: 'BPVTxyznuviiiwwtb' stride=40 count=11030 BPVT=True real_normals=False bones=True tangents=True uv2=False flip_z=False
  Vertex format: 'BPVTxyznuviiiwwtb' stride=40 count=11030 BPVT=True real_normals=False bones=True tangents=True uv2=False flip_z=False
  UV2 SUMMARY: 2 of 4 group(s) carry a second UV set (via interleaved format OR sidecar .uv2 section):
    + track_RShape
    + track_LShape
  Distinct vertex formats in this file: 'BPVTxyznuviiiwwtb'
[PkgExtractor] Chassis.primitives_processed <- vehicles_level_04.pkg

Found 6 primitive group(s):
  [+v +i -u2 -c] chassis_RShape_split_1
  [+v +i -u2 -c] chassis_RShape_split_0
  [+v +i -u2 -c] chassis_LShape17_split_1
  [+v +i -u2 -c] chassis_LShape17_split_0
  [+v +i +u2 -c] track_RShape1
  [+v +i +u2 -c] track_LShape
  Vertex format: 'BPVTxyznuviiiwwtb' stride=40 count=250 BPVT=True real_normals=False bones=True tangents=True uv2=False flip_z=False
  Vertex format: 'BPVTxyznuviiiwwtb' stride=40 count=8382 BPVT=True real_normals=False bones=True tangents=True uv2=False flip_z=False
  Vertex format: 'BPVTxyznuviiiwwtb' stride=40 count=246 BPVT=True real_normals=False bones=True tangents=True uv2=False flip_z=False
  Vertex format: 'BPVTxyznuviiiwwtb' stride=40 count=8383 BPVT=True real_normals=False bones=True tangents=True uv2=False flip_z=False
  Vertex format: 'BPVTxyznuviiiwwtb' stride=40 count=1152 BPVT=True real_normals=False bones=True tangents=True uv2=False flip_z=False
  [uv2] 'track_RShape1': format='BPVSuv2'  count=1152  body_offset=136  -- parsed sidecar UV2 section
  Vertex format: 'BPVTxyznuviiiwwtb' stride=40 count=1152 BPVT=True real_normals=False bones=True tangents=True uv2=False flip_z=False
  [uv2] 'track_LShape': format='BPVSuv2'  count=1152  body_offset=136  -- parsed sidecar UV2 section
  UV2 SUMMARY: 2 of 6 group(s) carry a second UV set (via interleaved format OR sidecar .uv2 section):
    + track_RShape1
    + track_LShape
  Distinct vertex formats in this file: 'BPVTxyznuviiiwwtb'
[PkgExtractor] Chassis.primitives_processed <- vehicles_level_04.pkg

Found 4 primitive group(s):
  [+v +i +u2 -c] track_L_Shape
  [+v +i +u2 -c] track_R_Shape
  [+v +i -u2 -c] exportChassL1_Shape
  [+v +i -u2 -c] exportChassR1_Shape
  Vertex format: 'BPVTxyznuviiiwwtb' stride=40 count=1152 BPVT=True real_normals=False bones=True tangents=True uv2=False flip_z=False
  [uv2] 'track_L_Shape': format='BPVSuv2'  count=1152  body_offset=136  -- parsed sidecar UV2 section
  Vertex format: 'BPVTxyznuviiiwwtb' stride=40 count=1024 BPVT=True real_normals=False bones=True tangents=True uv2=False flip_z=False
  [uv2] 'track_R_Shape': format='BPVSuv2'  count=1024  body_offset=136  -- parsed sidecar UV2 section
  Vertex format: 'BPVTxyznuviiiwwtb' stride=40 count=7592 BPVT=True real_normals=False bones=True tangents=True uv2=False flip_z=False
  Vertex format: 'BPVTxyznuviiiwwtb' stride=40 count=7592 BPVT=True real_normals=False bones=True tangents=True uv2=False flip_z=False
  UV2 SUMMARY: 2 of 4 group(s) carry a second UV set (via interleaved format OR sidecar .uv2 section):
    + track_L_Shape
    + track_R_Shape
  Distinct vertex formats in this file: 'BPVTxyznuviiiwwtb'
[PkgExtractor] Chassis.primitives_processed <- vehicles_level_05-part2.pkg

Found 4 primitive group(s):
  [+v +i +u2 -c] track_RShape
  [+v +i +u2 -c] track_LShape
  [+v +i -u2 -c] exportChassL1Shape
  [+v +i -u2 -c] exportChassR1Shape
  Vertex format: 'BPVTxyznuviiiwwtb' stride=40 count=1144 BPVT=True real_normals=False bones=True tangents=True uv2=False flip_z=False
  [uv2] 'track_RShape': format='BPVSuv2'  count=1144  body_offset=136  -- parsed sidecar UV2 section
  Vertex format: 'BPVTxyznuviiiwwtb' stride=40 count=1144 BPVT=True real_normals=False bones=True tangents=True uv2=False flip_z=False
  [uv2] 'track_LShape': format='BPVSuv2'  count=1144  body_offset=136  -- parsed sidecar UV2 section
  Vertex format: 'BPVTxyznuviiiwwtb' stride=40 count=10962 BPVT=True real_normals=False bones=True tangents=True uv2=False flip_z=False
  Vertex format: 'BPVTxyznuviiiwwtb' stride=40 count=10962 BPVT=True real_normals=False bones=True tangents=True uv2=False flip_z=False
  UV2 SUMMARY: 2 of 4 group(s) carry a second UV set (via interleaved format OR sidecar .uv2 section):
    + track_RShape
    + track_LShape
  Distinct vertex formats in this file: 'BPVTxyznuviiiwwtb'
[PkgExtractor] Chassis.primitives_processed <- vehicles_level_05-part1.pkg

Found 4 primitive group(s):
  [+v +i +u2 -c] tmp_trackShape
  [+v +i +u2 -c] track_RShape
  [+v +i -u2 -c] exportChassLShape
  [+v +i -u2 -c] exportChassRShape
  Vertex format: 'BPVTxyznuviiiwwtb' stride=40 count=1170 BPVT=True real_normals=False bones=True tangents=True uv2=False flip_z=False
  [uv2] 'tmp_trackShape': format='BPVSuv2'  count=1170  body_offset=136  -- parsed sidecar UV2 section
  Vertex format: 'BPVTxyznuviiiwwtb' stride=40 count=1170 BPVT=True real_normals=False bones=True tangents=True uv2=False flip_z=False
  [uv2] 'track_RShape': format='BPVSuv2'  count=1170  body_offset=136  -- parsed sidecar UV2 section
  Vertex format: 'BPVTxyznuviiiwwtb' stride=40 count=10534 BPVT=True real_normals=False bones=True tangents=True uv2=False flip_z=False
  Vertex format: 'BPVTxyznuviiiwwtb' stride=40 count=10628 BPVT=True real_normals=False bones=True tangents=True uv2=False flip_z=False
  UV2 SUMMARY: 2 of 4 group(s) carry a second UV set (via interleaved format OR sidecar .uv2 section):
    + tmp_trackShape
    + track_RShape
  Distinct vertex formats in this file: 'BPVTxyznuviiiwwtb'
[PkgExtractor] Chassis.primitives_processed <- vehicles_level_05-part2.pkg

Found 8 primitive group(s):
  [+v +i +u2 -c] track_RShape4_split_1
  [+v +i +u2 -c] track_RShape4_split_0
  [+v +i +u2 -c] track_LShape4_split_1
  [+v +i +u2 -c] track_LShape4_split_0
  [+v +i -u2 -c] chassis_LShape5_split_1
  [+v +i -u2 -c] chassis_LShape5_split_0
  [+v +i -u2 -c] chassis_RShape5_split_1
  [+v +i -u2 -c] chassis_RShape5_split_0
  Vertex format: 'BPVTxyznuviiiwwtb' stride=40 count=39 BPVT=True real_normals=False bones=True tangents=True uv2=False flip_z=False
  [uv2] 'track_RShape4_split_1': format='BPVSuv2'  count=39  body_offset=136  -- parsed sidecar UV2 section
  Vertex format: 'BPVTxyznuviiiwwtb' stride=40 count=1826 BPVT=True real_normals=False bones=True tangents=True uv2=False flip_z=False
  [uv2] 'track_RShape4_split_0': format='BPVSuv2'  count=1826  body_offset=136  -- parsed sidecar UV2 section
  Vertex format: 'BPVTxyznuviiiwwtb' stride=40 count=39 BPVT=True real_normals=False bones=True tangents=True uv2=False flip_z=False
  [uv2] 'track_LShape4_split_1': format='BPVSuv2'  count=39  body_offset=136  -- parsed sidecar UV2 section
  Vertex format: 'BPVTxyznuviiiwwtb' stride=40 count=1826 BPVT=True real_normals=False bones=True tangents=True uv2=False flip_z=False
  [uv2] 'track_LShape4_split_0': format='BPVSuv2'  count=1826  body_offset=136  -- parsed sidecar UV2 section
  Vertex format: 'BPVTxyznuviiiwwtb' stride=40 count=72 BPVT=True real_normals=False bones=True tangents=True uv2=False flip_z=False
  Vertex format: 'BPVTxyznuviiiwwtb' stride=40 count=9479 BPVT=True real_normals=False bones=True tangents=True uv2=False flip_z=False
  Vertex format: 'BPVTxyznuviiiwwtb' stride=40 count=72 BPVT=True real_normals=False bones=True tangents=True uv2=False flip_z=False
  Vertex format: 'BPVTxyznuviiiwwtb' stride=40 count=9531 BPVT=True real_normals=False bones=True tangents=True uv2=False flip_z=False
  UV2 SUMMARY: 4 of 8 group(s) carry a second UV set (via interleaved format OR sidecar .uv2 section):
    + track_RShape4_split_1
    + track_RShape4_split_0
    + track_LShape4_split_1
    + track_LShape4_split_0
  Distinct vertex formats in this file: 'BPVTxyznuviiiwwtb'
[PkgExtractor] Chassis.primitives_processed <- vehicles_level_05-part2.pkg

Found 4 primitive group(s):
  [+v +i +u2 -c] track_L_Shape
  [+v +i +u2 -c] track_R_Shape
  [+v +i -u2 -c] chassis_L_Shape
  [+v +i -u2 -c] chassis_R_Shape
  Vertex format: 'BPVTxyznuviiiwwtb' stride=40 count=1152 BPVT=True real_normals=False bones=True tangents=True uv2=False flip_z=False
  [uv2] 'track_L_Shape': format='BPVSuv2'  count=1152  body_offset=136  -- parsed sidecar UV2 section
  Vertex format: 'BPVTxyznuviiiwwtb' stride=40 count=1024 BPVT=True real_normals=False bones=True tangents=True uv2=False flip_z=False
  [uv2] 'track_R_Shape': format='BPVSuv2'  count=1024  body_offset=136  -- parsed sidecar UV2 section
  Vertex format: 'BPVTxyznuviiiwwtb' stride=40 count=7592 BPVT=True real_normals=False bones=True tangents=True uv2=False flip_z=False
  Vertex format: 'BPVTxyznuviiiwwtb' stride=40 count=7592 BPVT=True real_normals=False bones=True tangents=True uv2=False flip_z=False
  UV2 SUMMARY: 2 of 4 group(s) carry a second UV set (via interleaved format OR sidecar .uv2 section):
    + track_L_Shape
    + track_R_Shape
  Distinct vertex formats in this file: 'BPVTxyznuviiiwwtb'
[PkgExtractor] Chassis.primitives_processed <- vehicles_level_05-part1.pkg

Found 4 primitive group(s):
  [+v +i +u2 -c] track_R_Shape
  [+v +i +u2 -c] track_L_Shape
  [+v +i -u2 -c] exportChassL1_Shape
  [+v +i -u2 -c] exportChassR1_Shape
  Vertex format: 'BPVTxyznuviiiwwtb' stride=40 count=1738 BPVT=True real_normals=False bones=True tangents=True uv2=False flip_z=False
  [uv2] 'track_R_Shape': format='BPVSuv2'  count=1738  body_offset=136  -- parsed sidecar UV2 section
  Vertex format: 'BPVTxyznuviiiwwtb' stride=40 count=1738 BPVT=True real_normals=False bones=True tangents=True uv2=False flip_z=False
  [uv2] 'track_L_Shape': format='BPVSuv2'  count=1738  body_offset=136  -- parsed sidecar UV2 section
  Vertex format: 'BPVTxyznuviiiwwtb' stride=40 count=7620 BPVT=True real_normals=False bones=True tangents=True uv2=False flip_z=False
  Vertex format: 'BPVTxyznuviiiwwtb' stride=40 count=7620 BPVT=True real_normals=False bones=True tangents=True uv2=False flip_z=False
  UV2 SUMMARY: 2 of 4 group(s) carry a second UV set (via interleaved format OR sidecar .uv2 section):
    + track_R_Shape
    + track_L_Shape
  Distinct vertex formats in this file: 'BPVTxyznuviiiwwtb'
[PkgExtractor] Chassis.primitives_processed <- vehicles_level_06-part2.pkg

Found 4 primitive group(s):
  [+v +i +u2 -c] track_L_Shape
  [+v +i +u2 -c] track_R_Shape
  [+v +i -u2 -c] exportChassL1_Shape
  [+v +i -u2 -c] exportChassR1_Shape
  Vertex format: 'BPVTxyznuviiiwwtb' stride=40 count=1508 BPVT=True real_normals=False bones=True tangents=True uv2=False flip_z=False
  [uv2] 'track_L_Shape': format='BPVSuv2'  count=1508  body_offset=136  -- parsed sidecar UV2 section
  Vertex format: 'BPVTxyznuviiiwwtb' stride=40 count=1508 BPVT=True real_normals=False bones=True tangents=True uv2=False flip_z=False
  [uv2] 'track_R_Shape': format='BPVSuv2'  count=1508  body_offset=136  -- parsed sidecar UV2 section
  Vertex format: 'BPVTxyznuviiiwwtb' stride=40 count=9703 BPVT=True real_normals=False bones=True tangents=True uv2=False flip_z=False
  Vertex format: 'BPVTxyznuviiiwwtb' stride=40 count=9703 BPVT=True real_normals=False bones=True tangents=True uv2=False flip_z=False
  UV2 SUMMARY: 2 of 4 group(s) carry a second UV set (via interleaved format OR sidecar .uv2 section):
    + track_L_Shape
    + track_R_Shape
  Distinct vertex formats in this file: 'BPVTxyznuviiiwwtb'
[PkgExtractor] Chassis.primitives_processed <- vehicles_level_06-part1.pkg

Found 4 primitive group(s):
  [+v +i +u2 -c] track_R_Shape
  [+v +i +u2 -c] track_L_Shape
  [+v +i -u2 -c] chassis_RShape
  [+v +i -u2 -c] chassis_LShape
  Vertex format: 'BPVTxyznuviiiwwtb' stride=40 count=2109 BPVT=True real_normals=False bones=True tangents=True uv2=False flip_z=False
  [uv2] 'track_R_Shape': format='BPVSuv2'  count=2109  body_offset=136  -- parsed sidecar UV2 section
  Vertex format: 'BPVTxyznuviiiwwtb' stride=40 count=2109 BPVT=True real_normals=False bones=True tangents=True uv2=False flip_z=False
  [uv2] 'track_L_Shape': format='BPVSuv2'  count=2109  body_offset=136  -- parsed sidecar UV2 section
  Vertex format: 'BPVTxyznuviiiwwtb' stride=40 count=7609 BPVT=True real_normals=False bones=True tangents=True uv2=False flip_z=False
  Vertex format: 'BPVTxyznuviiiwwtb' stride=40 count=7609 BPVT=True real_normals=False bones=True tangents=True uv2=False flip_z=False
  UV2 SUMMARY: 2 of 4 group(s) carry a second UV set (via interleaved format OR sidecar .uv2 section):
    + track_R_Shape
    + track_L_Shape
  Distinct vertex formats in this file: 'BPVTxyznuviiiwwtb'
[PkgExtractor] Chassis.primitives_processed <- vehicles_level_06-part1.pkg

Found 6 primitive group(s):
  [+v +i -u2 -c] chassis_RShape10_split_1
  [+v +i -u2 -c] chassis_RShape10_split_0
  [+v +i -u2 -c] chassis_LShape10_split_1
  [+v +i -u2 -c] chassis_LShape10_split_0
  [+v +i +u2 -c] track_RShape3
  [+v +i +u2 -c] track_LShape3
  Vertex format: 'BPVTxyznuviiiwwtb' stride=40 count=72 BPVT=True real_normals=False bones=True tangents=True uv2=False flip_z=False
  Vertex format: 'BPVTxyznuviiiwwtb' stride=40 count=10026 BPVT=True real_normals=False bones=True tangents=True uv2=False flip_z=False
  Vertex format: 'BPVTxyznuviiiwwtb' stride=40 count=72 BPVT=True real_normals=False bones=True tangents=True uv2=False flip_z=False
  Vertex format: 'BPVTxyznuviiiwwtb' stride=40 count=10003 BPVT=True real_normals=False bones=True tangents=True uv2=False flip_z=False
  Vertex format: 'BPVTxyznuviiiwwtb' stride=40 count=1840 BPVT=True real_normals=False bones=True tangents=True uv2=False flip_z=False
  [uv2] 'track_RShape3': format='BPVSuv2'  count=1840  body_offset=136  -- parsed sidecar UV2 section
  Vertex format: 'BPVTxyznuviiiwwtb' stride=40 count=1840 BPVT=True real_normals=False bones=True tangents=True uv2=False flip_z=False
  [uv2] 'track_LShape3': format='BPVSuv2'  count=1840  body_offset=136  -- parsed sidecar UV2 section
  UV2 SUMMARY: 2 of 6 group(s) carry a second UV set (via interleaved format OR sidecar .uv2 section):
    + track_RShape3
    + track_LShape3
  Distinct vertex formats in this file: 'BPVTxyznuviiiwwtb'
[PkgExtractor] Chassis.primitives_processed <- vehicles_level_06-part2.pkg

Found 6 primitive group(s):
  [+v +i +u2 -c] track_L_Shape
  [+v +i +u2 -c] track_R_Shape
  [+v +i -u2 -c] exportChassL1_Shape_split_1
  [+v +i -u2 -c] exportChassL1_Shape_split_0
  [+v +i -u2 -c] exportChassR1_Shape_split_1
  [+v +i -u2 -c] exportChassR1_Shape_split_0
  Vertex format: 'BPVTxyznuviiiwwtb' stride=40 count=1824 BPVT=True real_normals=False bones=True tangents=True uv2=False flip_z=False
  [uv2] 'track_L_Shape': format='BPVSuv2'  count=1824  body_offset=136  -- parsed sidecar UV2 section
  Vertex format: 'BPVTxyznuviiiwwtb' stride=40 count=1824 BPVT=True real_normals=False bones=True tangents=True uv2=False flip_z=False
  [uv2] 'track_R_Shape': format='BPVSuv2'  count=1824  body_offset=136  -- parsed sidecar UV2 section
  Vertex format: 'BPVTxyznuviiiwwtb' stride=40 count=200 BPVT=True real_normals=False bones=True tangents=True uv2=False flip_z=False
  Vertex format: 'BPVTxyznuviiiwwtb' stride=40 count=10321 BPVT=True real_normals=False bones=True tangents=True uv2=False flip_z=False
  Vertex format: 'BPVTxyznuviiiwwtb' stride=40 count=200 BPVT=True real_normals=False bones=True tangents=True uv2=False flip_z=False
  Vertex format: 'BPVTxyznuviiiwwtb' stride=40 count=10321 BPVT=True real_normals=False bones=True tangents=True uv2=False flip_z=False
  UV2 SUMMARY: 2 of 6 group(s) carry a second UV set (via interleaved format OR sidecar .uv2 section):
    + track_L_Shape
    + track_R_Shape
  Distinct vertex formats in this file: 'BPVTxyznuviiiwwtb'
[PkgExtractor] Chassis.primitives_processed <- vehicles_level_06-part2.pkg

Found 4 primitive group(s):
  [+v +i +u2 -c] track_R_Shape
  [+v +i +u2 -c] track_L_Shape
  [+v +i -u2 -c] exportChassL1_Shape
  [+v +i -u2 -c] exportChassR1_Shape
  Vertex format: 'BPVTxyznuviiiwwtb' stride=40 count=1680 BPVT=True real_normals=False bones=True tangents=True uv2=False flip_z=False
  [uv2] 'track_R_Shape': format='BPVSuv2'  count=1680  body_offset=136  -- parsed sidecar UV2 section
  Vertex format: 'BPVTxyznuviiiwwtb' stride=40 count=1680 BPVT=True real_normals=False bones=True tangents=True uv2=False flip_z=False
  [uv2] 'track_L_Shape': format='BPVSuv2'  count=1680  body_offset=136  -- parsed sidecar UV2 section
  Vertex format: 'BPVTxyznuviiiwwtb' stride=40 count=12710 BPVT=True real_normals=False bones=True tangents=True uv2=False flip_z=False
  Vertex format: 'BPVTxyznuviiiwwtb' stride=40 count=12710 BPVT=True real_normals=False bones=True tangents=True uv2=False flip_z=False
  UV2 SUMMARY: 2 of 4 group(s) carry a second UV set (via interleaved format OR sidecar .uv2 section):
    + track_R_Shape
    + track_L_Shape
  Distinct vertex formats in this file: 'BPVTxyznuviiiwwtb'
[PkgExtractor] Chassis.primitives_processed <- vehicles_level_07-part2.pkg

Found 4 primitive group(s):
  [+v +i +u2 -c] track_L_Shape
  [+v +i +u2 -c] track_R_Shape
  [+v +i -u2 -c] exportChassL1_Shape
  [+v +i -u2 -c] exportChassR1_Shape
  Vertex format: 'BPVTxyznuviiiwwtb' stride=40 count=1496 BPVT=True real_normals=False bones=True tangents=True uv2=False flip_z=False
  [uv2] 'track_L_Shape': format='BPVSuv2'  count=1496  body_offset=136  -- parsed sidecar UV2 section
  Vertex format: 'BPVTxyznuviiiwwtb' stride=40 count=1496 BPVT=True real_normals=False bones=True tangents=True uv2=False flip_z=False
  [uv2] 'track_R_Shape': format='BPVSuv2'  count=1496  body_offset=136  -- parsed sidecar UV2 section
  Vertex format: 'BPVTxyznuviiiwwtb' stride=40 count=8025 BPVT=True real_normals=False bones=True tangents=True uv2=False flip_z=False
  Vertex format: 'BPVTxyznuviiiwwtb' stride=40 count=8025 BPVT=True real_normals=False bones=True tangents=True uv2=False flip_z=False
  UV2 SUMMARY: 2 of 4 group(s) carry a second UV set (via interleaved format OR sidecar .uv2 section):
    + track_L_Shape
    + track_R_Shape
  Distinct vertex formats in this file: 'BPVTxyznuviiiwwtb'
[PkgExtractor] Chassis.primitives_processed <- vehicles_level_07-part2.pkg

Found 4 primitive group(s):
  [+v +i -u2 -c] ClipBoard_lod0_chassis_01_chassis_R_chassis_RShape
  [+v +i -u2 -c] ClipBoard_lod0_chassis_01_chassis_L_chassis_LShape
  [+v +i +u2 -c] track_LShape
  [+v +i +u2 -c] track_RShape
  Vertex format: 'BPVTxyznuviiiwwtb' stride=40 count=7683 BPVT=True real_normals=False bones=True tangents=True uv2=False flip_z=False
  Vertex format: 'BPVTxyznuviiiwwtb' stride=40 count=7683 BPVT=True real_normals=False bones=True tangents=True uv2=False flip_z=False
  Vertex format: 'BPVTxyznuviiiwwtb' stride=40 count=1531 BPVT=True real_normals=False bones=True tangents=True uv2=False flip_z=False
  [uv2] 'track_LShape': format='BPVSuv2'  count=1531  body_offset=136  -- parsed sidecar UV2 section
  Vertex format: 'BPVTxyznuviiiwwtb' stride=40 count=1587 BPVT=True real_normals=False bones=True tangents=True uv2=False flip_z=False
  [uv2] 'track_RShape': format='BPVSuv2'  count=1587  body_offset=136  -- parsed sidecar UV2 section
  UV2 SUMMARY: 2 of 4 group(s) carry a second UV set (via interleaved format OR sidecar .uv2 section):
    + track_LShape
    + track_RShape
  Distinct vertex formats in this file: 'BPVTxyznuviiiwwtb'
[PkgExtractor] Chassis.primitives_processed <- vehicles_level_07-part2.pkg

Found 4 primitive group(s):
  [+v +i +u2 -c] track_R_Shape
  [+v +i +u2 -c] track_L_Shape
  [+v +i -u2 -c] exportChassL1_Shape
  [+v +i -u2 -c] exportChassR1_Shape
  Vertex format: 'BPVTxyznuviiiwwtb' stride=40 count=1274 BPVT=True real_normals=False bones=True tangents=True uv2=False flip_z=False
  [uv2] 'track_R_Shape': format='BPVSuv2'  count=1274  body_offset=136  -- parsed sidecar UV2 section
  Vertex format: 'BPVTxyznuviiiwwtb' stride=40 count=1274 BPVT=True real_normals=False bones=True tangents=True uv2=False flip_z=False
  [uv2] 'track_L_Shape': format='BPVSuv2'  count=1274  body_offset=136  -- parsed sidecar UV2 section
  Vertex format: 'BPVTxyznuviiiwwtb' stride=40 count=8135 BPVT=True real_normals=False bones=True tangents=True uv2=False flip_z=False
  Vertex format: 'BPVTxyznuviiiwwtb' stride=40 count=8135 BPVT=True real_normals=False bones=True tangents=True uv2=False flip_z=False
  UV2 SUMMARY: 2 of 4 group(s) carry a second UV set (via interleaved format OR sidecar .uv2 section):
    + track_R_Shape
    + track_L_Shape
  Distinct vertex formats in this file: 'BPVTxyznuviiiwwtb'
[PkgExtractor] Chassis.primitives_processed <- vehicles_level_07-part1.pkg

Found 4 primitive group(s):
  [+v +i +u2 -c] track_L_Shape
  [+v +i +u2 -c] track_R_Shape
  [+v +i -u2 -c] exportChassL1_Shape
  [+v +i -u2 -c] exportChassR1_Shape
  Vertex format: 'BPVTxyznuviiiwwtb' stride=40 count=1536 BPVT=True real_normals=False bones=True tangents=True uv2=False flip_z=False
  [uv2] 'track_L_Shape': format='BPVSuv2'  count=1536  body_offset=136  -- parsed sidecar UV2 section
  Vertex format: 'BPVTxyznuviiiwwtb' stride=40 count=1508 BPVT=True real_normals=False bones=True tangents=True uv2=False flip_z=False
  [uv2] 'track_R_Shape': format='BPVSuv2'  count=1508  body_offset=136  -- parsed sidecar UV2 section
  Vertex format: 'BPVTxyznuviiiwwtb' stride=40 count=8025 BPVT=True real_normals=False bones=True tangents=True uv2=False flip_z=False
  Vertex format: 'BPVTxyznuviiiwwtb' stride=40 count=8025 BPVT=True real_normals=False bones=True tangents=True uv2=False flip_z=False
  UV2 SUMMARY: 2 of 4 group(s) carry a second UV set (via interleaved format OR sidecar .uv2 section):
    + track_L_Shape
    + track_R_Shape
  Distinct vertex formats in this file: 'BPVTxyznuviiiwwtb'
[PkgExtractor] Chassis.primitives_processed <- vehicles_level_08-part3.pkg

Found 4 primitive group(s):
  [+v +i +u2 -c] track_R_Shape
  [+v +i +u2 -c] track_L_Shape
  [+v +i -u2 -c] exportChassL1_Shape
  [+v +i -u2 -c] exportChassR1_Shape
  Vertex format: 'BPVTxyznuviiiwwtb' stride=40 count=1580 BPVT=True real_normals=False bones=True tangents=True uv2=False flip_z=False
  [uv2] 'track_R_Shape': format='BPVSuv2'  count=1580  body_offset=136  -- parsed sidecar UV2 section
  Vertex format: 'BPVTxyznuviiiwwtb' stride=40 count=1580 BPVT=True real_normals=False bones=True tangents=True uv2=False flip_z=False
  [uv2] 'track_L_Shape': format='BPVSuv2'  count=1580  body_offset=136  -- parsed sidecar UV2 section
  Vertex format: 'BPVTxyznuviiiwwtb' stride=40 count=10226 BPVT=True real_normals=False bones=True tangents=True uv2=False flip_z=False
  Vertex format: 'BPVTxyznuviiiwwtb' stride=40 count=10274 BPVT=True real_normals=False bones=True tangents=True uv2=False flip_z=False
  UV2 SUMMARY: 2 of 4 group(s) carry a second UV set (via interleaved format OR sidecar .uv2 section):
    + track_R_Shape
    + track_L_Shape
  Distinct vertex formats in this file: 'BPVTxyznuviiiwwtb'
[PkgExtractor] Chassis.primitives_processed <- vehicles_level_08-part2.pkg

Found 4 primitive group(s):
  [+v +i -u2 -c] chassis_RShape
  [+v +i -u2 -c] chassis_LShape
  [+v +i +u2 -c] track_LShape
  [+v +i +u2 -c] track_RShape
  Vertex format: 'BPVTxyznuviiiwwtb' stride=40 count=11426 BPVT=True real_normals=False bones=True tangents=True uv2=False flip_z=False
  Vertex format: 'BPVTxyznuviiiwwtb' stride=40 count=11421 BPVT=True real_normals=False bones=True tangents=True uv2=False flip_z=False
  Vertex format: 'BPVTxyznuviiiwwtb' stride=40 count=1220 BPVT=True real_normals=False bones=True tangents=True uv2=False flip_z=False
  [uv2] 'track_LShape': format='BPVSuv2'  count=1220  body_offset=136  -- parsed sidecar UV2 section
  Vertex format: 'BPVTxyznuviiiwwtb' stride=40 count=1220 BPVT=True real_normals=False bones=True tangents=True uv2=False flip_z=False
  [uv2] 'track_RShape': format='BPVSuv2'  count=1220  body_offset=136  -- parsed sidecar UV2 section
  UV2 SUMMARY: 2 of 4 group(s) carry a second UV set (via interleaved format OR sidecar .uv2 section):
    + track_LShape
    + track_RShape
  Distinct vertex formats in this file: 'BPVTxyznuviiiwwtb'
[PkgExtractor] Chassis.primitives_processed <- vehicles_level_08-part1.pkg

Found 4 primitive group(s):
  [+v +i -u2 -c] chassis_RShape
  [+v +i -u2 -c] chassis_LShape
  [+v +i +u2 -c] track_RShape
  [+v +i +u2 -c] track_LShape
  Vertex format: 'BPVTxyznuviiiwwtb' stride=40 count=8370 BPVT=True real_normals=False bones=True tangents=True uv2=False flip_z=False
  Vertex format: 'BPVTxyznuviiiwwtb' stride=40 count=8365 BPVT=True real_normals=False bones=True tangents=True uv2=False flip_z=False
  Vertex format: 'BPVTxyznuviiiwwtb' stride=40 count=1200 BPVT=True real_normals=False bones=True tangents=True uv2=False flip_z=False
  [uv2] 'track_RShape': format='BPVSuv2'  count=1200  body_offset=136  -- parsed sidecar UV2 section
  Vertex format: 'BPVTxyznuviiiwwtb' stride=40 count=1272 BPVT=True real_normals=False bones=True tangents=True uv2=False flip_z=False
  [uv2] 'track_LShape': format='BPVSuv2'  count=1272  body_offset=136  -- parsed sidecar UV2 section
  UV2 SUMMARY: 2 of 4 group(s) carry a second UV set (via interleaved format OR sidecar .uv2 section):
    + track_RShape
    + track_LShape
  Distinct vertex formats in this file: 'BPVTxyznuviiiwwtb'
[PkgExtractor] Chassis.primitives_processed <- vehicles_level_08-part1.pkg

Found 4 primitive group(s):
  [+v +i +u2 -c] track_L_Shape
  [+v +i +u2 -c] track_R_Shape
  [+v +i -u2 -c] exportChassL1_Shape
  [+v +i -u2 -c] exportChassR1_Shape
  Vertex format: 'BPVTxyznuviiiwwtb' stride=40 count=1496 BPVT=True real_normals=False bones=True tangents=True uv2=False flip_z=False
  [uv2] 'track_L_Shape': format='BPVSuv2'  count=1496  body_offset=136  -- parsed sidecar UV2 section
  Vertex format: 'BPVTxyznuviiiwwtb' stride=40 count=1496 BPVT=True real_normals=False bones=True tangents=True uv2=False flip_z=False
  [uv2] 'track_R_Shape': format='BPVSuv2'  count=1496  body_offset=136  -- parsed sidecar UV2 section
  Vertex format: 'BPVTxyznuviiiwwtb' stride=40 count=7021 BPVT=True real_normals=False bones=True tangents=True uv2=False flip_z=False
  Vertex format: 'BPVTxyznuviiiwwtb' stride=40 count=7019 BPVT=True real_normals=False bones=True tangents=True uv2=False flip_z=False
  UV2 SUMMARY: 2 of 4 group(s) carry a second UV set (via interleaved format OR sidecar .uv2 section):
    + track_L_Shape
    + track_R_Shape
  Distinct vertex formats in this file: 'BPVTxyznuviiiwwtb'
[PkgExtractor] Chassis.primitives_processed <- vehicles_level_08-part2.pkg

Found 4 primitive group(s):
  [+v +i +u2 -c] track_R_Shape
  [+v +i +u2 -c] track_L_Shape
  [+v +i -u2 -c] exportChassL1_Shape
  [+v +i -u2 -c] exportChassR1_Shape
  Vertex format: 'BPVTxyznuviiiwwtb' stride=40 count=1608 BPVT=True real_normals=False bones=True tangents=True uv2=False flip_z=False
  [uv2] 'track_R_Shape': format='BPVSuv2'  count=1608  body_offset=136  -- parsed sidecar UV2 section
  Vertex format: 'BPVTxyznuviiiwwtb' stride=40 count=1608 BPVT=True real_normals=False bones=True tangents=True uv2=False flip_z=False
  [uv2] 'track_L_Shape': format='BPVSuv2'  count=1608  body_offset=136  -- parsed sidecar UV2 section
  Vertex format: 'BPVTxyznuviiiwwtb' stride=40 count=9620 BPVT=True real_normals=False bones=True tangents=True uv2=False flip_z=False
  Vertex format: 'BPVTxyznuviiiwwtb' stride=40 count=9620 BPVT=True real_normals=False bones=True tangents=True uv2=False flip_z=False
  UV2 SUMMARY: 2 of 4 group(s) carry a second UV set (via interleaved format OR sidecar .uv2 section):
    + track_R_Shape
    + track_L_Shape
  Distinct vertex formats in this file: 'BPVTxyznuviiiwwtb'
[PkgExtractor] Chassis.primitives_processed <- vehicles_level_08-part3.pkg

Found 4 primitive group(s):
  [+v +i -u2 -c] chassis_L_Shape
  [+v +i -u2 -c] chassis_R_Shape
  [+v +i +u2 -c] track_R_Shape
  [+v +i +u2 -c] track_L_Shape
  Vertex format: 'BPVTxyznuviiiwwtb' stride=40 count=7928 BPVT=True real_normals=False bones=True tangents=True uv2=False flip_z=False
  Vertex format: 'BPVTxyznuviiiwwtb' stride=40 count=7939 BPVT=True real_normals=False bones=True tangents=True uv2=False flip_z=False
  Vertex format: 'BPVTxyznuviiiwwtb' stride=40 count=1152 BPVT=True real_normals=False bones=True tangents=True uv2=False flip_z=False
  [uv2] 'track_R_Shape': format='BPVSuv2'  count=1152  body_offset=136  -- parsed sidecar UV2 section
  Vertex format: 'BPVTxyznuviiiwwtb' stride=40 count=1152 BPVT=True real_normals=False bones=True tangents=True uv2=False flip_z=False
  [uv2] 'track_L_Shape': format='BPVSuv2'  count=1152  body_offset=136  -- parsed sidecar UV2 section
  UV2 SUMMARY: 2 of 4 group(s) carry a second UV set (via interleaved format OR sidecar .uv2 section):
    + track_R_Shape
    + track_L_Shape
  Distinct vertex formats in this file: 'BPVTxyznuviiiwwtb'
  [550/1215] 25.8s, 21.4 tanks/s, flags={'ERR': 447, 'ALLSHP': 103, 'ASYM': 1}
[PkgExtractor] Chassis.primitives_processed <- vehicles_level_08-part3.pkg

Found 4 primitive group(s):
  [+v +i +u2 -c] track_L_Shape
  [+v +i +u2 -c] track_R_Shape
  [+v +i -u2 -c] exportChassL1_Shape
  [+v +i -u2 -c] exportChassR1_Shape
  Vertex format: 'BPVTxyznuviiiwwtb' stride=40 count=640 BPVT=True real_normals=False bones=True tangents=True uv2=False flip_z=False
  [uv2] 'track_L_Shape': format='BPVSuv2'  count=640  body_offset=136  -- parsed sidecar UV2 section
  Vertex format: 'BPVTxyznuviiiwwtb' stride=40 count=630 BPVT=True real_normals=False bones=True tangents=True uv2=False flip_z=False
  [uv2] 'track_R_Shape': format='BPVSuv2'  count=630  body_offset=136  -- parsed sidecar UV2 section
  Vertex format: 'BPVTxyznuviiiwwtb' stride=40 count=5966 BPVT=True real_normals=False bones=True tangents=True uv2=False flip_z=False
  Vertex format: 'BPVTxyznuviiiwwtb' stride=40 count=5966 BPVT=True real_normals=False bones=True tangents=True uv2=False flip_z=False
  UV2 SUMMARY: 2 of 4 group(s) carry a second UV set (via interleaved format OR sidecar .uv2 section):
    + track_L_Shape
    + track_R_Shape
  Distinct vertex formats in this file: 'BPVTxyznuviiiwwtb'
[PkgExtractor] Chassis.primitives_processed <- vehicles_level_08-part2.pkg

Found 4 primitive group(s):
  [+v +i +u2 -c] track_L_Shape
  [+v +i +u2 -c] track_R_Shape
  [+v +i -u2 -c] exportChassL1_Shape
  [+v +i -u2 -c] exportChassR1_Shape
  Vertex format: 'BPVTxyznuviiiwwtb' stride=40 count=1652 BPVT=True real_normals=False bones=True tangents=True uv2=False flip_z=False
  [uv2] 'track_L_Shape': format='BPVSuv2'  count=1652  body_offset=136  -- parsed sidecar UV2 section
  Vertex format: 'BPVTxyznuviiiwwtb' stride=40 count=1650 BPVT=True real_normals=False bones=True tangents=True uv2=False flip_z=False
  [uv2] 'track_R_Shape': format='BPVSuv2'  count=1650  body_offset=136  -- parsed sidecar UV2 section
  Vertex format: 'BPVTxyznuviiiwwtb' stride=40 count=10528 BPVT=True real_normals=False bones=True tangents=True uv2=False flip_z=False
  Vertex format: 'BPVTxyznuviiiwwtb' stride=40 count=10528 BPVT=True real_normals=False bones=True tangents=True uv2=False flip_z=False
  UV2 SUMMARY: 2 of 4 group(s) carry a second UV set (via interleaved format OR sidecar .uv2 section):
    + track_L_Shape
    + track_R_Shape
  Distinct vertex formats in this file: 'BPVTxyznuviiiwwtb'
[PkgExtractor] Chassis.primitives_processed <- vehicles_level_09-part1.pkg

Found 4 primitive group(s):
  [+v +i +u2 -c] track_L_Shape
  [+v +i +u2 -c] track_R_Shape
  [+v +i -u2 -c] exportChassL1_Shape
  [+v +i -u2 -c] exportChassR1_Shape
  Vertex format: 'BPVTxyznuviiiwwtb' stride=40 count=1098 BPVT=True real_normals=False bones=True tangents=True uv2=False flip_z=False
  [uv2] 'track_L_Shape': format='BPVSuv2'  count=1098  body_offset=136  -- parsed sidecar UV2 section
  Vertex format: 'BPVTxyznuviiiwwtb' stride=40 count=1098 BPVT=True real_normals=False bones=True tangents=True uv2=False flip_z=False
  [uv2] 'track_R_Shape': format='BPVSuv2'  count=1098  body_offset=136  -- parsed sidecar UV2 section
  Vertex format: 'BPVTxyznuviiiwwtb' stride=40 count=8287 BPVT=True real_normals=False bones=True tangents=True uv2=False flip_z=False
  Vertex format: 'BPVTxyznuviiiwwtb' stride=40 count=8287 BPVT=True real_normals=False bones=True tangents=True uv2=False flip_z=False
  UV2 SUMMARY: 2 of 4 group(s) carry a second UV set (via interleaved format OR sidecar .uv2 section):
    + track_L_Shape
    + track_R_Shape
  Distinct vertex formats in this file: 'BPVTxyznuviiiwwtb'
[PkgExtractor] Chassis.primitives_processed <- vehicles_level_09-part1.pkg

Found 6 primitive group(s):
  [+v +i -u2 -c] chassis_RShape_split_1
  [+v +i -u2 -c] chassis_RShape_split_0
  [+v +i -u2 -c] chassis_LShape_split_1
  [+v +i -u2 -c] chassis_LShape_split_0
  [+v +i +u2 -c] track_LShape
  [+v +i +u2 -c] track_RShape
  Vertex format: 'BPVTxyznuviiiwwtb' stride=40 count=130 BPVT=True real_normals=False bones=True tangents=True uv2=False flip_z=False
  Vertex format: 'BPVTxyznuviiiwwtb' stride=40 count=8459 BPVT=True real_normals=False bones=True tangents=True uv2=False flip_z=False
  Vertex format: 'BPVTxyznuviiiwwtb' stride=40 count=130 BPVT=True real_normals=False bones=True tangents=True uv2=False flip_z=False
  Vertex format: 'BPVTxyznuviiiwwtb' stride=40 count=8460 BPVT=True real_normals=False bones=True tangents=True uv2=False flip_z=False
  Vertex format: 'BPVTxyznuviiiwwtb' stride=40 count=2100 BPVT=True real_normals=False bones=True tangents=True uv2=False flip_z=False
  [uv2] 'track_LShape': format='BPVSuv2'  count=2100  body_offset=136  -- parsed sidecar UV2 section
  Vertex format: 'BPVTxyznuviiiwwtb' stride=40 count=2100 BPVT=True real_normals=False bones=True tangents=True uv2=False flip_z=False
  [uv2] 'track_RShape': format='BPVSuv2'  count=2100  body_offset=136  -- parsed sidecar UV2 section
  UV2 SUMMARY: 2 of 6 group(s) carry a second UV set (via interleaved format OR sidecar .uv2 section):
    + track_LShape
    + track_RShape
  Distinct vertex formats in this file: 'BPVTxyznuviiiwwtb'
[PkgExtractor] Chassis.primitives_processed <- vehicles_level_09-part2.pkg

Found 4 primitive group(s):
  [+v +i +u2 -c] track_L_Shape
  [+v +i +u2 -c] track_R_Shape
  [+v +i -u2 -c] exportChassL1_Shape
  [+v +i -u2 -c] exportChassR1_Shape
  Vertex format: 'BPVTxyznuviiiwwtb' stride=40 count=1656 BPVT=True real_normals=False bones=True tangents=True uv2=False flip_z=False
  [uv2] 'track_L_Shape': format='BPVSuv2'  count=1656  body_offset=136  -- parsed sidecar UV2 section
  Vertex format: 'BPVTxyznuviiiwwtb' stride=40 count=1656 BPVT=True real_normals=False bones=True tangents=True uv2=False flip_z=False
  [uv2] 'track_R_Shape': format='BPVSuv2'  count=1656  body_offset=136  -- parsed sidecar UV2 section
  Vertex format: 'BPVTxyznuviiiwwtb' stride=40 count=7858 BPVT=True real_normals=False bones=True tangents=True uv2=False flip_z=False
  Vertex format: 'BPVTxyznuviiiwwtb' stride=40 count=7858 BPVT=True real_normals=False bones=True tangents=True uv2=False flip_z=False
  UV2 SUMMARY: 2 of 4 group(s) carry a second UV set (via interleaved format OR sidecar .uv2 section):
    + track_L_Shape
    + track_R_Shape
  Distinct vertex formats in this file: 'BPVTxyznuviiiwwtb'
[PkgExtractor] Chassis.primitives_processed <- vehicles_level_09-part1.pkg

Found 4 primitive group(s):
  [+v +i +u2 -c] track_LShape
  [+v +i +u2 -c] track_R_Shape
  [+v +i -u2 -c] exportChassL1_Shape
  [+v +i -u2 -c] exportChassR1_Shape
  Vertex format: 'BPVTxyznuviiiwwtb' stride=40 count=1806 BPVT=True real_normals=False bones=True tangents=True uv2=False flip_z=False
  [uv2] 'track_LShape': format='BPVSuv2'  count=1806  body_offset=136  -- parsed sidecar UV2 section
  Vertex format: 'BPVTxyznuviiiwwtb' stride=40 count=1804 BPVT=True real_normals=False bones=True tangents=True uv2=False flip_z=False
  [uv2] 'track_R_Shape': format='BPVSuv2'  count=1804  body_offset=136  -- parsed sidecar UV2 section
  Vertex format: 'BPVTxyznuviiiwwtb' stride=40 count=6227 BPVT=True real_normals=False bones=True tangents=True uv2=False flip_z=False
  Vertex format: 'BPVTxyznuviiiwwtb' stride=40 count=6227 BPVT=True real_normals=False bones=True tangents=True uv2=False flip_z=False
  UV2 SUMMARY: 2 of 4 group(s) carry a second UV set (via interleaved format OR sidecar .uv2 section):
    + track_LShape
    + track_R_Shape
  Distinct vertex formats in this file: 'BPVTxyznuviiiwwtb'
[PkgExtractor] Chassis.primitives_processed <- vehicles_level_09-part1.pkg

Found 4 primitive group(s):
  [+v +i +u2 -c] track_R_Shape
  [+v +i +u2 -c] track_L_Shape
  [+v +i -u2 -c] chassis_L_Shape
  [+v +i -u2 -c] chassis_R_Shape
  Vertex format: 'BPVTxyznuviiiwwtb' stride=40 count=1752 BPVT=True real_normals=False bones=True tangents=True uv2=False flip_z=False
  [uv2] 'track_R_Shape': format='BPVSuv2'  count=1752  body_offset=136  -- parsed sidecar UV2 section
  Vertex format: 'BPVTxyznuviiiwwtb' stride=40 count=1752 BPVT=True real_normals=False bones=True tangents=True uv2=False flip_z=False
  [uv2] 'track_L_Shape': format='BPVSuv2'  count=1752  body_offset=136  -- parsed sidecar UV2 section
  Vertex format: 'BPVTxyznuviiiwwtb' stride=40 count=9189 BPVT=True real_normals=False bones=True tangents=True uv2=False flip_z=False
  Vertex format: 'BPVTxyznuviiiwwtb' stride=40 count=9189 BPVT=True real_normals=False bones=True tangents=True uv2=False flip_z=False
  UV2 SUMMARY: 2 of 4 group(s) carry a second UV set (via interleaved format OR sidecar .uv2 section):
    + track_R_Shape
    + track_L_Shape
  Distinct vertex formats in this file: 'BPVTxyznuviiiwwtb'
[PkgExtractor] Chassis.primitives_processed <- vehicles_level_09-part2.pkg

Found 4 primitive group(s):
  [+v +i +u2 -c] track_L_Shape
  [+v +i +u2 -c] track_R_Shape
  [+v +i -u2 -c] exportChassL1_Shape
  [+v +i -u2 -c] exportChassR1_Shape
  Vertex format: 'BPVTxyznuviiiwwtb' stride=40 count=976 BPVT=True real_normals=False bones=True tangents=True uv2=False flip_z=False
  [uv2] 'track_L_Shape': format='BPVSuv2'  count=976  body_offset=136  -- parsed sidecar UV2 section
  Vertex format: 'BPVTxyznuviiiwwtb' stride=40 count=976 BPVT=True real_normals=False bones=True tangents=True uv2=False flip_z=False
  [uv2] 'track_R_Shape': format='BPVSuv2'  count=976  body_offset=136  -- parsed sidecar UV2 section
  Vertex format: 'BPVTxyznuviiiwwtb' stride=40 count=9012 BPVT=True real_normals=False bones=True tangents=True uv2=False flip_z=False
  Vertex format: 'BPVTxyznuviiiwwtb' stride=40 count=9012 BPVT=True real_normals=False bones=True tangents=True uv2=False flip_z=False
  UV2 SUMMARY: 2 of 4 group(s) carry a second UV set (via interleaved format OR sidecar .uv2 section):
    + track_L_Shape
    + track_R_Shape
  Distinct vertex formats in this file: 'BPVTxyznuviiiwwtb'
[PkgExtractor] Chassis.primitives_processed <- vehicles_level_10-part3.pkg

Found 4 primitive group(s):
  [+v +i +u2 -c] track_R_Shape
  [+v +i +u2 -c] track_L_Shape
  [+v +i -u2 -c] chassis_LShape
  [+v +i -u2 -c] chassis_R_Shape
  Vertex format: 'BPVTxyznuviiiwwtb' stride=40 count=1340 BPVT=True real_normals=False bones=True tangents=True uv2=False flip_z=False
  [uv2] 'track_R_Shape': format='BPVSuv2'  count=1340  body_offset=136  -- parsed sidecar UV2 section
  Vertex format: 'BPVTxyznuviiiwwtb' stride=40 count=1340 BPVT=True real_normals=False bones=True tangents=True uv2=False flip_z=False
  [uv2] 'track_L_Shape': format='BPVSuv2'  count=1340  body_offset=136  -- parsed sidecar UV2 section
  Vertex format: 'BPVTxyznuviiiwwtb' stride=40 count=6357 BPVT=True real_normals=False bones=True tangents=True uv2=False flip_z=False
  Vertex format: 'BPVTxyznuviiiwwtb' stride=40 count=6357 BPVT=True real_normals=False bones=True tangents=True uv2=False flip_z=False
  UV2 SUMMARY: 2 of 4 group(s) carry a second UV set (via interleaved format OR sidecar .uv2 section):
    + track_R_Shape
    + track_L_Shape
  Distinct vertex formats in this file: 'BPVTxyznuviiiwwtb'
[PkgExtractor] Chassis.primitives_processed <- vehicles_level_10-part2.pkg

Found 6 primitive group(s):
  [+v +i +u2 -c] track_RShape
  [+v +i +u2 -c] track_LShape
  [+v +i -u2 -c] exportChassL1Shape_split_1
  [+v +i -u2 -c] exportChassL1Shape_split_0
  [+v +i -u2 -c] exportChassR1Shape_split_1
  [+v +i -u2 -c] exportChassR1Shape_split_0
  Vertex format: 'BPVTxyznuviiiwwtb' stride=40 count=2100 BPVT=True real_normals=False bones=True tangents=True uv2=False flip_z=False
  [uv2] 'track_RShape': format='BPVSuv2'  count=2100  body_offset=136  -- parsed sidecar UV2 section
  Vertex format: 'BPVTxyznuviiiwwtb' stride=40 count=2100 BPVT=True real_normals=False bones=True tangents=True uv2=False flip_z=False
  [uv2] 'track_LShape': format='BPVSuv2'  count=2100  body_offset=136  -- parsed sidecar UV2 section
  Vertex format: 'BPVTxyznuviiiwwtb' stride=40 count=166 BPVT=True real_normals=False bones=True tangents=True uv2=False flip_z=False
  Vertex format: 'BPVTxyznuviiiwwtb' stride=40 count=8690 BPVT=True real_normals=False bones=True tangents=True uv2=False flip_z=False
  Vertex format: 'BPVTxyznuviiiwwtb' stride=40 count=164 BPVT=True real_normals=False bones=True tangents=True uv2=False flip_z=False
  Vertex format: 'BPVTxyznuviiiwwtb' stride=40 count=8692 BPVT=True real_normals=False bones=True tangents=True uv2=False flip_z=False
  UV2 SUMMARY: 2 of 6 group(s) carry a second UV set (via interleaved format OR sidecar .uv2 section):
    + track_RShape
    + track_LShape
  Distinct vertex formats in this file: 'BPVTxyznuviiiwwtb'
[PkgExtractor] Chassis.primitives_processed <- vehicles_level_10-part3.pkg

Found 4 primitive group(s):
  [+v +i +u2 -c] track_L_Shape
  [+v +i +u2 -c] track_R_Shape
  [+v +i -u2 -c] exportChassL1_Shape
  [+v +i -u2 -c] exportChassR1_Shape
  Vertex format: 'BPVTxyznuviiiwwtb' stride=40 count=1704 BPVT=True real_normals=False bones=True tangents=True uv2=False flip_z=False
  [uv2] 'track_L_Shape': format='BPVSuv2'  count=1704  body_offset=136  -- parsed sidecar UV2 section
  Vertex format: 'BPVTxyznuviiiwwtb' stride=40 count=1704 BPVT=True real_normals=False bones=True tangents=True uv2=False flip_z=False
  [uv2] 'track_R_Shape': format='BPVSuv2'  count=1704  body_offset=136  -- parsed sidecar UV2 section
  Vertex format: 'BPVTxyznuviiiwwtb' stride=40 count=8752 BPVT=True real_normals=False bones=True tangents=True uv2=False flip_z=False
  Vertex format: 'BPVTxyznuviiiwwtb' stride=40 count=8752 BPVT=True real_normals=False bones=True tangents=True uv2=False flip_z=False
  UV2 SUMMARY: 2 of 4 group(s) carry a second UV set (via interleaved format OR sidecar .uv2 section):
    + track_L_Shape
    + track_R_Shape
  Distinct vertex formats in this file: 'BPVTxyznuviiiwwtb'
[PkgExtractor] Chassis.primitives_processed <- vehicles_level_10-part3.pkg

Found 4 primitive group(s):
  [+v +i +u2 -c] track_L_Shape
  [+v +i +u2 -c] track_R_Shape
  [+v +i -u2 -c] exportChassL1_Shape
  [+v +i -u2 -c] exportChassR1_Shape
  Vertex format: 'BPVTxyznuviiiwwtb' stride=40 count=886 BPVT=True real_normals=False bones=True tangents=True uv2=False flip_z=False
  [uv2] 'track_L_Shape': format='BPVSuv2'  count=886  body_offset=136  -- parsed sidecar UV2 section
  Vertex format: 'BPVTxyznuviiiwwtb' stride=40 count=874 BPVT=True real_normals=False bones=True tangents=True uv2=False flip_z=False
  [uv2] 'track_R_Shape': format='BPVSuv2'  count=874  body_offset=136  -- parsed sidecar UV2 section
  Vertex format: 'BPVTxyznuviiiwwtb' stride=40 count=4671 BPVT=True real_normals=False bones=True tangents=True uv2=False flip_z=False
  Vertex format: 'BPVTxyznuviiiwwtb' stride=40 count=4671 BPVT=True real_normals=False bones=True tangents=True uv2=False flip_z=False
  UV2 SUMMARY: 2 of 4 group(s) carry a second UV set (via interleaved format OR sidecar .uv2 section):
    + track_L_Shape
    + track_R_Shape
  Distinct vertex formats in this file: 'BPVTxyznuviiiwwtb'
[PkgExtractor] Chassis.primitives_processed <- vehicles_level_10-part3.pkg

Found 2 primitive group(s):
  [+v +i -u2 +c] chassis_LShape
  [+v +i -u2 +c] chassis_RShape
  Vertex format: 'BPVTxyznuviiiwwtb' stride=40 count=14638 BPVT=True real_normals=False bones=True tangents=True uv2=False flip_z=False
  [colour] 'chassis_LShape': format='BPVScolour' size=58688 expected=14638 entries (offset=132->14639 entries, offset=68->14655 entries) -- no probe matched, skipping
  Vertex format: 'BPVTxyznuviiiwwtb' stride=40 count=14638 BPVT=True real_normals=False bones=True tangents=True uv2=False flip_z=False
  [colour] 'chassis_RShape': format='BPVScolour' size=58688 expected=14638 entries (offset=132->14639 entries, offset=68->14655 entries) -- no probe matched, skipping
  UV2 SUMMARY: none of the 2 group(s) in this file carry a second UV set (checked both 'uvuv' interleaved and .uv2 sidecar)
  Distinct vertex formats in this file: 'BPVTxyznuviiiwwtb'
[PkgExtractor] Chassis.primitives_processed <- vehicles_level_11.pkg

Found 4 primitive group(s):
  [+v +i +u2 -c] track_R_Shape
  [+v +i +u2 -c] track_L_Shape
  [+v +i -u2 -c] chassis_LShape
  [+v +i -u2 -c] chassis_RShape
  Vertex format: 'BPVTxyznuviiiwwtb' stride=40 count=2016 BPVT=True real_normals=False bones=True tangents=True uv2=False flip_z=False
  [uv2] 'track_R_Shape': format='BPVSuv2'  count=2016  body_offset=136  -- parsed sidecar UV2 section
  Vertex format: 'BPVTxyznuviiiwwtb' stride=40 count=2016 BPVT=True real_normals=False bones=True tangents=True uv2=False flip_z=False
  [uv2] 'track_L_Shape': format='BPVSuv2'  count=2016  body_offset=136  -- parsed sidecar UV2 section
  Vertex format: 'BPVTxyznuviiiwwtb' stride=40 count=12818 BPVT=True real_normals=False bones=True tangents=True uv2=False flip_z=False
  Vertex format: 'BPVTxyznuviiiwwtb' stride=40 count=12818 BPVT=True real_normals=False bones=True tangents=True uv2=False flip_z=False
  UV2 SUMMARY: 2 of 4 group(s) carry a second UV set (via interleaved format OR sidecar .uv2 section):
    + track_R_Shape
    + track_L_Shape
  Distinct vertex formats in this file: 'BPVTxyznuviiiwwtb'
[PkgExtractor] Chassis.primitives_processed <- vehicles_level_01.pkg

Found 4 primitive group(s):
  [+v +i +u2 -c] track_L_Shape
  [+v +i +u2 -c] track_R_Shape
  [+v +i -u2 -c] exportChassL1_Shape
  [+v +i -u2 -c] exportChassR1_Shape
  Vertex format: 'BPVTxyznuviiiwwtb' stride=40 count=1210 BPVT=True real_normals=False bones=True tangents=True uv2=False flip_z=False
  [uv2] 'track_L_Shape': format='BPVSuv2'  count=1210  body_offset=136  -- parsed sidecar UV2 section
  Vertex format: 'BPVTxyznuviiiwwtb' stride=40 count=1210 BPVT=True real_normals=False bones=True tangents=True uv2=False flip_z=False
  [uv2] 'track_R_Shape': format='BPVSuv2'  count=1210  body_offset=136  -- parsed sidecar UV2 section
  Vertex format: 'BPVTxyznuviiiwwtb' stride=40 count=5071 BPVT=True real_normals=False bones=True tangents=True uv2=False flip_z=False
  Vertex format: 'BPVTxyznuviiiwwtb' stride=40 count=5071 BPVT=True real_normals=False bones=True tangents=True uv2=False flip_z=False
  UV2 SUMMARY: 2 of 4 group(s) carry a second UV set (via interleaved format OR sidecar .uv2 section):
    + track_L_Shape
    + track_R_Shape
  Distinct vertex formats in this file: 'BPVTxyznuviiiwwtb'
[PkgExtractor] Chassis.primitives_processed <- vehicles_level_02.pkg

Found 4 primitive group(s):
  [+v +i +u2 -c] track_RShape
  [+v +i +u2 -c] track_LShape
  [+v +i -u2 -c] exportChassLShape
  [+v +i -u2 -c] exportChassRShape
  Vertex format: 'BPVTxyznuviiiwwtb' stride=40 count=1560 BPVT=True real_normals=False bones=True tangents=True uv2=False flip_z=False
  [uv2] 'track_RShape': format='BPVSuv2'  count=1560  body_offset=136  -- parsed sidecar UV2 section
  Vertex format: 'BPVTxyznuviiiwwtb' stride=40 count=1584 BPVT=True real_normals=False bones=True tangents=True uv2=False flip_z=False
  [uv2] 'track_LShape': format='BPVSuv2'  count=1584  body_offset=136  -- parsed sidecar UV2 section
  Vertex format: 'BPVTxyznuviiiwwtb' stride=40 count=15152 BPVT=True real_normals=False bones=True tangents=True uv2=False flip_z=False
  Vertex format: 'BPVTxyznuviiiwwtb' stride=40 count=15154 BPVT=True real_normals=False bones=True tangents=True uv2=False flip_z=False
  UV2 SUMMARY: 2 of 4 group(s) carry a second UV set (via interleaved format OR sidecar .uv2 section):
    + track_RShape
    + track_LShape
  Distinct vertex formats in this file: 'BPVTxyznuviiiwwtb'
[PkgExtractor] Chassis.primitives_processed <- vehicles_level_02.pkg

Found 4 primitive group(s):
  [+v +i +u2 -c] track_L_Shape
  [+v +i +u2 -c] track_R_Shape
  [+v +i -u2 -c] exportChassL1_Shape
  [+v +i -u2 -c] exportChassR1_Shape
  Vertex format: 'BPVTxyznuviiiwwtb' stride=40 count=1518 BPVT=True real_normals=False bones=True tangents=True uv2=False flip_z=False
  [uv2] 'track_L_Shape': format='BPVSuv2'  count=1518  body_offset=136  -- parsed sidecar UV2 section
  Vertex format: 'BPVTxyznuviiiwwtb' stride=40 count=1518 BPVT=True real_normals=False bones=True tangents=True uv2=False flip_z=False
  [uv2] 'track_R_Shape': format='BPVSuv2'  count=1518  body_offset=136  -- parsed sidecar UV2 section
  Vertex format: 'BPVTxyznuviiiwwtb' stride=40 count=10534 BPVT=True real_normals=False bones=True tangents=True uv2=False flip_z=False
  Vertex format: 'BPVTxyznuviiiwwtb' stride=40 count=10535 BPVT=True real_normals=False bones=True tangents=True uv2=False flip_z=False
  UV2 SUMMARY: 2 of 4 group(s) carry a second UV set (via interleaved format OR sidecar .uv2 section):
    + track_L_Shape
    + track_R_Shape
  Distinct vertex formats in this file: 'BPVTxyznuviiiwwtb'
[PkgExtractor] Chassis.primitives_processed <- vehicles_level_03.pkg

Found 4 primitive group(s):
  [+v +i +u2 -c] track_L_Shape
  [+v +i +u2 -c] track_R_Shape
  [+v +i -u2 -c] exportChassL1_Shape
  [+v +i -u2 -c] exportChassR1_Shape
  Vertex format: 'BPVTxyznuviiiwwtb' stride=40 count=1364 BPVT=True real_normals=False bones=True tangents=True uv2=False flip_z=False
  [uv2] 'track_L_Shape': format='BPVSuv2'  count=1364  body_offset=136  -- parsed sidecar UV2 section
  Vertex format: 'BPVTxyznuviiiwwtb' stride=40 count=1364 BPVT=True real_normals=False bones=True tangents=True uv2=False flip_z=False
  [uv2] 'track_R_Shape': format='BPVSuv2'  count=1364  body_offset=136  -- parsed sidecar UV2 section
  Vertex format: 'BPVTxyznuviiiwwtb' stride=40 count=8428 BPVT=True real_normals=False bones=True tangents=True uv2=False flip_z=False
  Vertex format: 'BPVTxyznuviiiwwtb' stride=40 count=8428 BPVT=True real_normals=False bones=True tangents=True uv2=False flip_z=False
  UV2 SUMMARY: 2 of 4 group(s) carry a second UV set (via interleaved format OR sidecar .uv2 section):
    + track_L_Shape
    + track_R_Shape
  Distinct vertex formats in this file: 'BPVTxyznuviiiwwtb'
[PkgExtractor] Chassis.primitives_processed <- vehicles_level_04.pkg

Found 4 primitive group(s):
  [+v +i +u2 -c] track_L_Shape
  [+v +i +u2 -c] track_R_Shape
  [+v +i -u2 -c] exportChassL1_Shape
  [+v +i -u2 -c] exportChassR1_Shape
  Vertex format: 'BPVTxyznuviiiwwtb' stride=40 count=1496 BPVT=True real_normals=False bones=True tangents=True uv2=False flip_z=False
  [uv2] 'track_L_Shape': format='BPVSuv2'  count=1496  body_offset=136  -- parsed sidecar UV2 section
  Vertex format: 'BPVTxyznuviiiwwtb' stride=40 count=1496 BPVT=True real_normals=False bones=True tangents=True uv2=False flip_z=False
  [uv2] 'track_R_Shape': format='BPVSuv2'  count=1496  body_offset=136  -- parsed sidecar UV2 section
  Vertex format: 'BPVTxyznuviiiwwtb' stride=40 count=7936 BPVT=True real_normals=False bones=True tangents=True uv2=False flip_z=False
  Vertex format: 'BPVTxyznuviiiwwtb' stride=40 count=7934 BPVT=True real_normals=False bones=True tangents=True uv2=False flip_z=False
  UV2 SUMMARY: 2 of 4 group(s) carry a second UV set (via interleaved format OR sidecar .uv2 section):
    + track_L_Shape
    + track_R_Shape
  Distinct vertex formats in this file: 'BPVTxyznuviiiwwtb'
[PkgExtractor] Chassis.primitives_processed <- vehicles_level_05-part1.pkg

Found 4 primitive group(s):
  [+v +i +u2 -c] track_L_Shape
  [+v +i +u2 -c] track_R_Shape
  [+v +i -u2 -c] exportChassL1_Shape
  [+v +i -u2 -c] exportChassR1_Shape
  Vertex format: 'BPVTxyznuviiiwwtb' stride=40 count=1563 BPVT=True real_normals=False bones=True tangents=True uv2=False flip_z=False
  [uv2] 'track_L_Shape': format='BPVSuv2'  count=1563  body_offset=136  -- parsed sidecar UV2 section
  Vertex format: 'BPVTxyznuviiiwwtb' stride=40 count=1564 BPVT=True real_normals=False bones=True tangents=True uv2=False flip_z=False
  [uv2] 'track_R_Shape': format='BPVSuv2'  count=1564  body_offset=136  -- parsed sidecar UV2 section
  Vertex format: 'BPVTxyznuviiiwwtb' stride=40 count=5622 BPVT=True real_normals=False bones=True tangents=True uv2=False flip_z=False
  Vertex format: 'BPVTxyznuviiiwwtb' stride=40 count=5622 BPVT=True real_normals=False bones=True tangents=True uv2=False flip_z=False
  UV2 SUMMARY: 2 of 4 group(s) carry a second UV set (via interleaved format OR sidecar .uv2 section):
    + track_L_Shape
    + track_R_Shape
  Distinct vertex formats in this file: 'BPVTxyznuviiiwwtb'
[PkgExtractor] Chassis.primitives_processed <- vehicles_level_05-part1.pkg

Found 4 primitive group(s):
  [+v +i +u2 -c] track_L_Shape
  [+v +i +u2 -c] track_R_Shape
  [+v +i -u2 -c] exportChassL1_Shape
  [+v +i -u2 -c] exportChassR1_Shape
  Vertex format: 'BPVTxyznuviiiwwtb' stride=40 count=1872 BPVT=True real_normals=False bones=True tangents=True uv2=False flip_z=False
  [uv2] 'track_L_Shape': format='BPVSuv2'  count=1872  body_offset=136  -- parsed sidecar UV2 section
  Vertex format: 'BPVTxyznuviiiwwtb' stride=40 count=1872 BPVT=True real_normals=False bones=True tangents=True uv2=False flip_z=False
  [uv2] 'track_R_Shape': format='BPVSuv2'  count=1872  body_offset=136  -- parsed sidecar UV2 section
  Vertex format: 'BPVTxyznuviiiwwtb' stride=40 count=9198 BPVT=True real_normals=False bones=True tangents=True uv2=False flip_z=False
  Vertex format: 'BPVTxyznuviiiwwtb' stride=40 count=9198 BPVT=True real_normals=False bones=True tangents=True uv2=False flip_z=False
  UV2 SUMMARY: 2 of 4 group(s) carry a second UV set (via interleaved format OR sidecar .uv2 section):
    + track_L_Shape
    + track_R_Shape
  Distinct vertex formats in this file: 'BPVTxyznuviiiwwtb'
[PkgExtractor] Chassis.primitives_processed <- vehicles_level_05-part1.pkg

Found 4 primitive group(s):
  [+v +i +u2 -c] track_R_Shape
  [+v +i +u2 -c] track_L_Shape
  [+v +i -u2 -c] exportChassL1_Shape
  [+v +i -u2 -c] exportChassR1_Shape
  Vertex format: 'BPVTxyznuviiiwwtb' stride=40 count=1722 BPVT=True real_normals=False bones=True tangents=True uv2=False flip_z=False
  [uv2] 'track_R_Shape': format='BPVSuv2'  count=1722  body_offset=136  -- parsed sidecar UV2 section
  Vertex format: 'BPVTxyznuviiiwwtb' stride=40 count=1750 BPVT=True real_normals=False bones=True tangents=True uv2=False flip_z=False
  [uv2] 'track_L_Shape': format='BPVSuv2'  count=1750  body_offset=136  -- parsed sidecar UV2 section
  Vertex format: 'BPVTxyznuviiiwwtb' stride=40 count=9008 BPVT=True real_normals=False bones=True tangents=True uv2=False flip_z=False
  Vertex format: 'BPVTxyznuviiiwwtb' stride=40 count=9008 BPVT=True real_normals=False bones=True tangents=True uv2=False flip_z=False
  UV2 SUMMARY: 2 of 4 group(s) carry a second UV set (via interleaved format OR sidecar .uv2 section):
    + track_R_Shape
    + track_L_Shape
  Distinct vertex formats in this file: 'BPVTxyznuviiiwwtb'
[PkgExtractor] Chassis.primitives_processed <- vehicles_level_06-part2.pkg

Found 4 primitive group(s):
  [+v +i +u2 -c] track_L_Shape
  [+v +i +u2 -c] track_R_Shape
  [+v +i -u2 -c] exportChassL1_Shape
  [+v +i -u2 -c] exportChassR1_Shape
  Vertex format: 'BPVTxyznuviiiwwtb' stride=40 count=3227 BPVT=True real_normals=False bones=True tangents=True uv2=False flip_z=False
  [uv2] 'track_L_Shape': format='BPVSuv2'  count=3227  body_offset=136  -- parsed sidecar UV2 section
  Vertex format: 'BPVTxyznuviiiwwtb' stride=40 count=3227 BPVT=True real_normals=False bones=True tangents=True uv2=False flip_z=False
  [uv2] 'track_R_Shape': format='BPVSuv2'  count=3227  body_offset=136  -- parsed sidecar UV2 section
  Vertex format: 'BPVTxyznuviiiwwtb' stride=40 count=4754 BPVT=True real_normals=False bones=True tangents=True uv2=False flip_z=False
  Vertex format: 'BPVTxyznuviiiwwtb' stride=40 count=4752 BPVT=True real_normals=False bones=True tangents=True uv2=False flip_z=False
  UV2 SUMMARY: 2 of 4 group(s) carry a second UV set (via interleaved format OR sidecar .uv2 section):
    + track_L_Shape
    + track_R_Shape
  Distinct vertex formats in this file: 'BPVTxyznuviiiwwtb'
[PkgExtractor] Chassis.primitives_processed <- vehicles_level_06-part1.pkg

Found 4 primitive group(s):
  [+v +i +u2 -c] track_L_Shape
  [+v +i +u2 -c] track_R_Shape
  [+v +i -u2 -c] exportChassL1_Shape
  [+v +i -u2 -c] exportChassR1_Shape
  Vertex format: 'BPVTxyznuviiiwwtb' stride=40 count=1512 BPVT=True real_normals=False bones=True tangents=True uv2=False flip_z=False
  [uv2] 'track_L_Shape': format='BPVSuv2'  count=1512  body_offset=136  -- parsed sidecar UV2 section
  Vertex format: 'BPVTxyznuviiiwwtb' stride=40 count=1512 BPVT=True real_normals=False bones=True tangents=True uv2=False flip_z=False
  [uv2] 'track_R_Shape': format='BPVSuv2'  count=1512  body_offset=136  -- parsed sidecar UV2 section
  Vertex format: 'BPVTxyznuviiiwwtb' stride=40 count=10437 BPVT=True real_normals=False bones=True tangents=True uv2=False flip_z=False
  Vertex format: 'BPVTxyznuviiiwwtb' stride=40 count=10431 BPVT=True real_normals=False bones=True tangents=True uv2=False flip_z=False
  UV2 SUMMARY: 2 of 4 group(s) carry a second UV set (via interleaved format OR sidecar .uv2 section):
    + track_L_Shape
    + track_R_Shape
  Distinct vertex formats in this file: 'BPVTxyznuviiiwwtb'
[PkgExtractor] Chassis.primitives_processed <- vehicles_level_06-part1.pkg

Found 4 primitive group(s):
  [+v +i +u2 -c] track_L_Shape
  [+v +i +u2 -c] track_R_Shape
  [+v +i -u2 -c] exportChassL1_Shape
  [+v +i -u2 -c] exportChassR1_Shape
  Vertex format: 'BPVTxyznuviiiwwtb' stride=40 count=1728 BPVT=True real_normals=False bones=True tangents=True uv2=False flip_z=False
  [uv2] 'track_L_Shape': format='BPVSuv2'  count=1728  body_offset=136  -- parsed sidecar UV2 section
  Vertex format: 'BPVTxyznuviiiwwtb' stride=40 count=1728 BPVT=True real_normals=False bones=True tangents=True uv2=False flip_z=False
  [uv2] 'track_R_Shape': format='BPVSuv2'  count=1728  body_offset=136  -- parsed sidecar UV2 section
  Vertex format: 'BPVTxyznuviiiwwtb' stride=40 count=5574 BPVT=True real_normals=False bones=True tangents=True uv2=False flip_z=False
  Vertex format: 'BPVTxyznuviiiwwtb' stride=40 count=5574 BPVT=True real_normals=False bones=True tangents=True uv2=False flip_z=False
  UV2 SUMMARY: 2 of 4 group(s) carry a second UV set (via interleaved format OR sidecar .uv2 section):
    + track_L_Shape
    + track_R_Shape
  Distinct vertex formats in this file: 'BPVTxyznuviiiwwtb'
[PkgExtractor] Chassis.primitives_processed <- vehicles_level_06-part1.pkg

Found 4 primitive group(s):
  [+v +i +u2 -c] track_L_Shape
  [+v +i +u2 -c] track_R_Shape
  [+v +i -u2 -c] exportChassL1_Shape
  [+v +i -u2 -c] exportChassR1_Shape
  Vertex format: 'BPVTxyznuviiiwwtb' stride=40 count=1798 BPVT=True real_normals=False bones=True tangents=True uv2=False flip_z=False
  [uv2] 'track_L_Shape': format='BPVSuv2'  count=1798  body_offset=136  -- parsed sidecar UV2 section
  Vertex format: 'BPVTxyznuviiiwwtb' stride=40 count=1798 BPVT=True real_normals=False bones=True tangents=True uv2=False flip_z=False
  [uv2] 'track_R_Shape': format='BPVSuv2'  count=1798  body_offset=136  -- parsed sidecar UV2 section
  Vertex format: 'BPVTxyznuviiiwwtb' stride=40 count=9665 BPVT=True real_normals=False bones=True tangents=True uv2=False flip_z=False
  Vertex format: 'BPVTxyznuviiiwwtb' stride=40 count=9665 BPVT=True real_normals=False bones=True tangents=True uv2=False flip_z=False
  UV2 SUMMARY: 2 of 4 group(s) carry a second UV set (via interleaved format OR sidecar .uv2 section):
    + track_L_Shape
    + track_R_Shape
  Distinct vertex formats in this file: 'BPVTxyznuviiiwwtb'
[PkgExtractor] Chassis.primitives_processed <- vehicles_level_07-part1.pkg

Found 4 primitive group(s):
  [+v +i +u2 -c] track_L_Shape
  [+v +i +u2 -c] track_R_Shape
  [+v +i -u2 -c] exportChassL1_Shape
  [+v +i -u2 -c] exportChassR1_Shape
  Vertex format: 'BPVTxyznuviiiwwtb' stride=40 count=996 BPVT=True real_normals=False bones=True tangents=True uv2=False flip_z=False
  [uv2] 'track_L_Shape': format='BPVSuv2'  count=996  body_offset=136  -- parsed sidecar UV2 section
  Vertex format: 'BPVTxyznuviiiwwtb' stride=40 count=996 BPVT=True real_normals=False bones=True tangents=True uv2=False flip_z=False
  [uv2] 'track_R_Shape': format='BPVSuv2'  count=996  body_offset=136  -- parsed sidecar UV2 section
  Vertex format: 'BPVTxyznuviiiwwtb' stride=40 count=8473 BPVT=True real_normals=False bones=True tangents=True uv2=False flip_z=False
  Vertex format: 'BPVTxyznuviiiwwtb' stride=40 count=8474 BPVT=True real_normals=False bones=True tangents=True uv2=False flip_z=False
  UV2 SUMMARY: 2 of 4 group(s) carry a second UV set (via interleaved format OR sidecar .uv2 section):
    + track_L_Shape
    + track_R_Shape
  Distinct vertex formats in this file: 'BPVTxyznuviiiwwtb'
[PkgExtractor] Chassis.primitives_processed <- vehicles_level_07-part2.pkg

Found 4 primitive group(s):
  [+v +i +u2 -c] track_L_Shape
  [+v +i +u2 -c] track_R_Shape
  [+v +i -u2 -c] exportChassL1_Shape
  [+v +i -u2 -c] exportChassR1_Shape
  Vertex format: 'BPVTxyznuviiiwwtb' stride=40 count=1380 BPVT=True real_normals=False bones=True tangents=True uv2=False flip_z=False
  [uv2] 'track_L_Shape': format='BPVSuv2'  count=1380  body_offset=136  -- parsed sidecar UV2 section
  Vertex format: 'BPVTxyznuviiiwwtb' stride=40 count=1380 BPVT=True real_normals=False bones=True tangents=True uv2=False flip_z=False
  [uv2] 'track_R_Shape': format='BPVSuv2'  count=1380  body_offset=136  -- parsed sidecar UV2 section
  Vertex format: 'BPVTxyznuviiiwwtb' stride=40 count=7717 BPVT=True real_normals=False bones=True tangents=True uv2=False flip_z=False
  Vertex format: 'BPVTxyznuviiiwwtb' stride=40 count=7703 BPVT=True real_normals=False bones=True tangents=True uv2=False flip_z=False
  UV2 SUMMARY: 2 of 4 group(s) carry a second UV set (via interleaved format OR sidecar .uv2 section):
    + track_L_Shape
    + track_R_Shape
  Distinct vertex formats in this file: 'BPVTxyznuviiiwwtb'
[PkgExtractor] Chassis.primitives_processed <- vehicles_level_07-part2.pkg

Found 4 primitive group(s):
  [+v +i +u2 -c] track_R_Shape
  [+v +i +u2 -c] track_L_Shape
  [+v +i -u2 -c] exportChassL1_Shape
  [+v +i -u2 -c] exportChassR1_Shape
  Vertex format: 'BPVTxyznuviiiwwtb' stride=40 count=1140 BPVT=True real_normals=False bones=True tangents=True uv2=False flip_z=False
  [uv2] 'track_R_Shape': format='BPVSuv2'  count=1140  body_offset=136  -- parsed sidecar UV2 section
  Vertex format: 'BPVTxyznuviiiwwtb' stride=40 count=1140 BPVT=True real_normals=False bones=True tangents=True uv2=False flip_z=False
  [uv2] 'track_L_Shape': format='BPVSuv2'  count=1140  body_offset=136  -- parsed sidecar UV2 section
  Vertex format: 'BPVTxyznuviiiwwtb' stride=40 count=8801 BPVT=True real_normals=False bones=True tangents=True uv2=False flip_z=False
  Vertex format: 'BPVTxyznuviiiwwtb' stride=40 count=8801 BPVT=True real_normals=False bones=True tangents=True uv2=False flip_z=False
  UV2 SUMMARY: 2 of 4 group(s) carry a second UV set (via interleaved format OR sidecar .uv2 section):
    + track_R_Shape
    + track_L_Shape
  Distinct vertex formats in this file: 'BPVTxyznuviiiwwtb'
[PkgExtractor] Chassis.primitives_processed <- vehicles_level_08-part1.pkg

Found 4 primitive group(s):
  [+v +i +u2 -c] track_L_Shape
  [+v +i +u2 -c] track_R_Shape
  [+v +i -u2 -c] exportChassL1_Shape
  [+v +i -u2 -c] exportChassR1_Shape
  Vertex format: 'BPVTxyznuviiiwwtb' stride=40 count=972 BPVT=True real_normals=False bones=True tangents=True uv2=False flip_z=False
  [uv2] 'track_L_Shape': format='BPVSuv2'  count=972  body_offset=136  -- parsed sidecar UV2 section
  Vertex format: 'BPVTxyznuviiiwwtb' stride=40 count=972 BPVT=True real_normals=False bones=True tangents=True uv2=False flip_z=False
  [uv2] 'track_R_Shape': format='BPVSuv2'  count=972  body_offset=136  -- parsed sidecar UV2 section
  Vertex format: 'BPVTxyznuviiiwwtb' stride=40 count=3016 BPVT=True real_normals=False bones=True tangents=True uv2=False flip_z=False
  Vertex format: 'BPVTxyznuviiiwwtb' stride=40 count=3016 BPVT=True real_normals=False bones=True tangents=True uv2=False flip_z=False
  UV2 SUMMARY: 2 of 4 group(s) carry a second UV set (via interleaved format OR sidecar .uv2 section):
    + track_L_Shape
    + track_R_Shape
  Distinct vertex formats in this file: 'BPVTxyznuviiiwwtb'
[PkgExtractor] Chassis.primitives_processed <- vehicles_level_08-part2.pkg

Found 4 primitive group(s):
  [+v +i +u2 -c] track_L_Shape
  [+v +i +u2 -c] track_R_Shape
  [+v +i -u2 -c] exportChassL1_Shape
  [+v +i -u2 -c] exportChassR1_Shape
  Vertex format: 'BPVTxyznuviiiwwtb' stride=40 count=1122 BPVT=True real_normals=False bones=True tangents=True uv2=False flip_z=False
  [uv2] 'track_L_Shape': format='BPVSuv2'  count=1122  body_offset=136  -- parsed sidecar UV2 section
  Vertex format: 'BPVTxyznuviiiwwtb' stride=40 count=1122 BPVT=True real_normals=False bones=True tangents=True uv2=False flip_z=False
  [uv2] 'track_R_Shape': format='BPVSuv2'  count=1122  body_offset=136  -- parsed sidecar UV2 section
  Vertex format: 'BPVTxyznuviiiwwtb' stride=40 count=8748 BPVT=True real_normals=False bones=True tangents=True uv2=False flip_z=False
  Vertex format: 'BPVTxyznuviiiwwtb' stride=40 count=8748 BPVT=True real_normals=False bones=True tangents=True uv2=False flip_z=False
  UV2 SUMMARY: 2 of 4 group(s) carry a second UV set (via interleaved format OR sidecar .uv2 section):
    + track_L_Shape
    + track_R_Shape
  Distinct vertex formats in this file: 'BPVTxyznuviiiwwtb'
[PkgExtractor] Chassis.primitives_processed <- vehicles_level_08-part1.pkg

Found 4 primitive group(s):
  [+v +i +u2 -c] track_L_Shape
  [+v +i +u2 -c] track_R_Shape
  [+v +i -u2 -c] exportChassL1_Shape
  [+v +i -u2 -c] exportChassR1_Shape
  Vertex format: 'BPVTxyznuviiiwwtb' stride=40 count=1404 BPVT=True real_normals=False bones=True tangents=True uv2=False flip_z=False
  [uv2] 'track_L_Shape': format='BPVSuv2'  count=1404  body_offset=136  -- parsed sidecar UV2 section
  Vertex format: 'BPVTxyznuviiiwwtb' stride=40 count=1404 BPVT=True real_normals=False bones=True tangents=True uv2=False flip_z=False
  [uv2] 'track_R_Shape': format='BPVSuv2'  count=1404  body_offset=136  -- parsed sidecar UV2 section
  Vertex format: 'BPVTxyznuviiiwwtb' stride=40 count=8718 BPVT=True real_normals=False bones=True tangents=True uv2=False flip_z=False
  Vertex format: 'BPVTxyznuviiiwwtb' stride=40 count=8718 BPVT=True real_normals=False bones=True tangents=True uv2=False flip_z=False
  UV2 SUMMARY: 2 of 4 group(s) carry a second UV set (via interleaved format OR sidecar .uv2 section):
    + track_L_Shape
    + track_R_Shape
  Distinct vertex formats in this file: 'BPVTxyznuviiiwwtb'
[PkgExtractor] Chassis.primitives_processed <- vehicles_level_08-part2.pkg

Found 4 primitive group(s):
  [+v +i +u2 -c] track_L_Shape
  [+v +i +u2 -c] track_R_Shape
  [+v +i -u2 -c] exportChassL1_Shape
  [+v +i -u2 -c] exportChassR1_Shape
  Vertex format: 'BPVTxyznuviiiwwtb' stride=40 count=1406 BPVT=True real_normals=False bones=True tangents=True uv2=False flip_z=False
  [uv2] 'track_L_Shape': format='BPVSuv2'  count=1406  body_offset=136  -- parsed sidecar UV2 section
  Vertex format: 'BPVTxyznuviiiwwtb' stride=40 count=1332 BPVT=True real_normals=False bones=True tangents=True uv2=False flip_z=False
  [uv2] 'track_R_Shape': format='BPVSuv2'  count=1332  body_offset=136  -- parsed sidecar UV2 section
  Vertex format: 'BPVTxyznuviiiwwtb' stride=40 count=8679 BPVT=True real_normals=False bones=True tangents=True uv2=False flip_z=False
  Vertex format: 'BPVTxyznuviiiwwtb' stride=40 count=8679 BPVT=True real_normals=False bones=True tangents=True uv2=False flip_z=False
  UV2 SUMMARY: 2 of 4 group(s) carry a second UV set (via interleaved format OR sidecar .uv2 section):
    + track_L_Shape
    + track_R_Shape
  Distinct vertex formats in this file: 'BPVTxyznuviiiwwtb'
[PkgExtractor] Chassis.primitives_processed <- vehicles_level_08-part3.pkg

Found 4 primitive group(s):
  [+v +i +u2 -c] track_L_Shape
  [+v +i +u2 -c] track_R_Shape
  [+v +i -u2 -c] exportChassL1_Shape
  [+v +i -u2 -c] exportChassR1_Shape
  Vertex format: 'BPVTxyznuviiiwwtb' stride=40 count=1040 BPVT=True real_normals=False bones=True tangents=True uv2=False flip_z=False
  [uv2] 'track_L_Shape': format='BPVSuv2'  count=1040  body_offset=136  -- parsed sidecar UV2 section
  Vertex format: 'BPVTxyznuviiiwwtb' stride=40 count=1040 BPVT=True real_normals=False bones=True tangents=True uv2=False flip_z=False
  [uv2] 'track_R_Shape': format='BPVSuv2'  count=1040  body_offset=136  -- parsed sidecar UV2 section
  Vertex format: 'BPVTxyznuviiiwwtb' stride=40 count=6004 BPVT=True real_normals=False bones=True tangents=True uv2=False flip_z=False
  Vertex format: 'BPVTxyznuviiiwwtb' stride=40 count=6004 BPVT=True real_normals=False bones=True tangents=True uv2=False flip_z=False
  UV2 SUMMARY: 2 of 4 group(s) carry a second UV set (via interleaved format OR sidecar .uv2 section):
    + track_L_Shape
    + track_R_Shape
  Distinct vertex formats in this file: 'BPVTxyznuviiiwwtb'
[PkgExtractor] Chassis.primitives_processed <- vehicles_level_08-part3.pkg

Found 4 primitive group(s):
  [+v +i +u2 -c] track_L_Shape
  [+v +i +u2 -c] track_R_Shape
  [+v +i -u2 -c] exportChassL1_Shape
  [+v +i -u2 -c] exportChassR1_Shape
  Vertex format: 'BPVTxyznuviiiwwtb' stride=40 count=1406 BPVT=True real_normals=False bones=True tangents=True uv2=False flip_z=False
  [uv2] 'track_L_Shape': format='BPVSuv2'  count=1406  body_offset=136  -- parsed sidecar UV2 section
  Vertex format: 'BPVTxyznuviiiwwtb' stride=40 count=1332 BPVT=True real_normals=False bones=True tangents=True uv2=False flip_z=False
  [uv2] 'track_R_Shape': format='BPVSuv2'  count=1332  body_offset=136  -- parsed sidecar UV2 section
  Vertex format: 'BPVTxyznuviiiwwtb' stride=40 count=8679 BPVT=True real_normals=False bones=True tangents=True uv2=False flip_z=False
  Vertex format: 'BPVTxyznuviiiwwtb' stride=40 count=8679 BPVT=True real_normals=False bones=True tangents=True uv2=False flip_z=False
  UV2 SUMMARY: 2 of 4 group(s) carry a second UV set (via interleaved format OR sidecar .uv2 section):
    + track_L_Shape
    + track_R_Shape
  Distinct vertex formats in this file: 'BPVTxyznuviiiwwtb'
[PkgExtractor] Chassis.primitives_processed <- vehicles_level_08-part3.pkg

Found 4 primitive group(s):
  [+v +i +u2 -c] track_L_Shape
  [+v +i +u2 -c] track_R_Shape
  [+v +i -u2 -c] exportChassL1_Shape
  [+v +i -u2 -c] exportChassR1_Shape
  Vertex format: 'BPVTxyznuviiiwwtb' stride=40 count=968 BPVT=True real_normals=False bones=True tangents=True uv2=False flip_z=False
  [uv2] 'track_L_Shape': format='BPVSuv2'  count=968  body_offset=136  -- parsed sidecar UV2 section
  Vertex format: 'BPVTxyznuviiiwwtb' stride=40 count=968 BPVT=True real_normals=False bones=True tangents=True uv2=False flip_z=False
  [uv2] 'track_R_Shape': format='BPVSuv2'  count=968  body_offset=136  -- parsed sidecar UV2 section
  Vertex format: 'BPVTxyznuviiiwwtb' stride=40 count=6471 BPVT=True real_normals=False bones=True tangents=True uv2=False flip_z=False
  Vertex format: 'BPVTxyznuviiiwwtb' stride=40 count=6471 BPVT=True real_normals=False bones=True tangents=True uv2=False flip_z=False
  UV2 SUMMARY: 2 of 4 group(s) carry a second UV set (via interleaved format OR sidecar .uv2 section):
    + track_L_Shape
    + track_R_Shape
  Distinct vertex formats in this file: 'BPVTxyznuviiiwwtb'
[PkgExtractor] Chassis.primitives_processed <- vehicles_level_08-part1.pkg

Found 4 primitive group(s):
  [+v +i +u2 -c] track_R_Shape
  [+v +i +u2 -c] track_L_Shape
  [+v +i -u2 -c] exportChassL1_Shape
  [+v +i -u2 -c] exportChassR1_Shape
  Vertex format: 'BPVTxyznuviiiwwtb' stride=40 count=1380 BPVT=True real_normals=False bones=True tangents=True uv2=False flip_z=False
  [uv2] 'track_R_Shape': format='BPVSuv2'  count=1380  body_offset=136  -- parsed sidecar UV2 section
  Vertex format: 'BPVTxyznuviiiwwtb' stride=40 count=1380 BPVT=True real_normals=False bones=True tangents=True uv2=False flip_z=False
  [uv2] 'track_L_Shape': format='BPVSuv2'  count=1380  body_offset=136  -- parsed sidecar UV2 section
  Vertex format: 'BPVTxyznuviiiwwtb' stride=40 count=7151 BPVT=True real_normals=False bones=True tangents=True uv2=False flip_z=False
  Vertex format: 'BPVTxyznuviiiwwtb' stride=40 count=7151 BPVT=True real_normals=False bones=True tangents=True uv2=False flip_z=False
  UV2 SUMMARY: 2 of 4 group(s) carry a second UV set (via interleaved format OR sidecar .uv2 section):
    + track_R_Shape
    + track_L_Shape
  Distinct vertex formats in this file: 'BPVTxyznuviiiwwtb'
[PkgExtractor] Chassis.primitives_processed <- vehicles_level_08-part1.pkg

Found 4 primitive group(s):
  [+v +i +u2 -c] track_R_Shape
  [+v +i +u2 -c] track_L_Shape
  [+v +i -u2 -c] exportChassL1_Shape1
  [+v +i -u2 -c] exportChassR1_Shape1
  Vertex format: 'BPVTxyznuviiiwwtb' stride=40 count=1188 BPVT=True real_normals=False bones=True tangents=True uv2=False flip_z=False
  [uv2] 'track_R_Shape': format='BPVSuv2'  count=1188  body_offset=136  -- parsed sidecar UV2 section
  Vertex format: 'BPVTxyznuviiiwwtb' stride=40 count=1264 BPVT=True real_normals=False bones=True tangents=True uv2=False flip_z=False
  [uv2] 'track_L_Shape': format='BPVSuv2'  count=1264  body_offset=136  -- parsed sidecar UV2 section
  Vertex format: 'BPVTxyznuviiiwwtb' stride=40 count=8884 BPVT=True real_normals=False bones=True tangents=True uv2=False flip_z=False
  Vertex format: 'BPVTxyznuviiiwwtb' stride=40 count=8891 BPVT=True real_normals=False bones=True tangents=True uv2=False flip_z=False
  UV2 SUMMARY: 2 of 4 group(s) carry a second UV set (via interleaved format OR sidecar .uv2 section):
    + track_R_Shape
    + track_L_Shape
  Distinct vertex formats in this file: 'BPVTxyznuviiiwwtb'
[PkgExtractor] Chassis.primitives_processed <- vehicles_level_08-part2.pkg

Found 4 primitive group(s):
  [+v +i +u2 -c] track_L_Shape
  [+v +i +u2 -c] track_R_Shape
  [+v +i -u2 -c] chassis_LShape
  [+v +i -u2 -c] chassis_RShape
  Vertex format: 'BPVTxyznuviiiwwtb' stride=40 count=1422 BPVT=True real_normals=False bones=True tangents=True uv2=False flip_z=False
  [uv2] 'track_L_Shape': format='BPVSuv2'  count=1422  body_offset=136  -- parsed sidecar UV2 section
  Vertex format: 'BPVTxyznuviiiwwtb' stride=40 count=1422 BPVT=True real_normals=False bones=True tangents=True uv2=False flip_z=False
  [uv2] 'track_R_Shape': format='BPVSuv2'  count=1422  body_offset=136  -- parsed sidecar UV2 section
  Vertex format: 'BPVTxyznuviiiwwtb' stride=40 count=10640 BPVT=True real_normals=False bones=True tangents=True uv2=False flip_z=False
  Vertex format: 'BPVTxyznuviiiwwtb' stride=40 count=10640 BPVT=True real_normals=False bones=True tangents=True uv2=False flip_z=False
  UV2 SUMMARY: 2 of 4 group(s) carry a second UV set (via interleaved format OR sidecar .uv2 section):
    + track_L_Shape
    + track_R_Shape
  Distinct vertex formats in this file: 'BPVTxyznuviiiwwtb'
[PkgExtractor] Chassis.primitives_processed <- vehicles_level_09-part1.pkg

Found 4 primitive group(s):
  [+v +i +u2 -c] track_L_Shape
  [+v +i +u2 -c] track_R_Shape
  [+v +i -u2 -c] exportChassL1_Shape
  [+v +i -u2 -c] exportChassR1_Shape
  Vertex format: 'BPVTxyznuviiiwwtb' stride=40 count=1260 BPVT=True real_normals=False bones=True tangents=True uv2=False flip_z=False
  [uv2] 'track_L_Shape': format='BPVSuv2'  count=1260  body_offset=136  -- parsed sidecar UV2 section
  Vertex format: 'BPVTxyznuviiiwwtb' stride=40 count=1260 BPVT=True real_normals=False bones=True tangents=True uv2=False flip_z=False
  [uv2] 'track_R_Shape': format='BPVSuv2'  count=1260  body_offset=136  -- parsed sidecar UV2 section
  Vertex format: 'BPVTxyznuviiiwwtb' stride=40 count=6150 BPVT=True real_normals=False bones=True tangents=True uv2=False flip_z=False
  Vertex format: 'BPVTxyznuviiiwwtb' stride=40 count=6150 BPVT=True real_normals=False bones=True tangents=True uv2=False flip_z=False
  UV2 SUMMARY: 2 of 4 group(s) carry a second UV set (via interleaved format OR sidecar .uv2 section):
    + track_L_Shape
    + track_R_Shape
  Distinct vertex formats in this file: 'BPVTxyznuviiiwwtb'
[PkgExtractor] Chassis.primitives_processed <- vehicles_level_09-part1.pkg

Found 4 primitive group(s):
  [+v +i +u2 -c] track_L_Shape
  [+v +i +u2 -c] track_R_Shape
  [+v +i -u2 -c] exportChassL1_Shape
  [+v +i -u2 -c] exportChassR1_Shape
  Vertex format: 'BPVTxyznuviiiwwtb' stride=40 count=1080 BPVT=True real_normals=False bones=True tangents=True uv2=False flip_z=False
  [uv2] 'track_L_Shape': format='BPVSuv2'  count=1080  body_offset=136  -- parsed sidecar UV2 section
  Vertex format: 'BPVTxyznuviiiwwtb' stride=40 count=1080 BPVT=True real_normals=False bones=True tangents=True uv2=False flip_z=False
  [uv2] 'track_R_Shape': format='BPVSuv2'  count=1080  body_offset=136  -- parsed sidecar UV2 section
  Vertex format: 'BPVTxyznuviiiwwtb' stride=40 count=9901 BPVT=True real_normals=False bones=True tangents=True uv2=False flip_z=False
  Vertex format: 'BPVTxyznuviiiwwtb' stride=40 count=9901 BPVT=True real_normals=False bones=True tangents=True uv2=False flip_z=False
  UV2 SUMMARY: 2 of 4 group(s) carry a second UV set (via interleaved format OR sidecar .uv2 section):
    + track_L_Shape
    + track_R_Shape
  Distinct vertex formats in this file: 'BPVTxyznuviiiwwtb'
[PkgExtractor] Chassis.primitives_processed <- vehicles_level_09-part1.pkg

Found 6 primitive group(s):
  [+v +i +u2 -c] track_R_Shape
  [+v +i +u2 -c] track_L_Shape
  [+v +i -u2 -c] exportChassL1_Shape1_split_1
  [+v +i -u2 -c] exportChassL1_Shape1_split_0
  [+v +i -u2 -c] exportChassR1_Shape1_split_1
  [+v +i -u2 -c] exportChassR1_Shape1_split_0
  Vertex format: 'BPVTxyznuviiiwwtb' stride=40 count=1978 BPVT=True real_normals=False bones=True tangents=True uv2=False flip_z=False
  [uv2] 'track_R_Shape': format='BPVSuv2'  count=1978  body_offset=136  -- parsed sidecar UV2 section
  Vertex format: 'BPVTxyznuviiiwwtb' stride=40 count=1978 BPVT=True real_normals=False bones=True tangents=True uv2=False flip_z=False
  [uv2] 'track_L_Shape': format='BPVSuv2'  count=1978  body_offset=136  -- parsed sidecar UV2 section
  Vertex format: 'BPVTxyznuviiiwwtb' stride=40 count=87 BPVT=True real_normals=False bones=True tangents=True uv2=False flip_z=False
  Vertex format: 'BPVTxyznuviiiwwtb' stride=40 count=10149 BPVT=True real_normals=False bones=True tangents=True uv2=False flip_z=False
  Vertex format: 'BPVTxyznuviiiwwtb' stride=40 count=87 BPVT=True real_normals=False bones=True tangents=True uv2=False flip_z=False
  Vertex format: 'BPVTxyznuviiiwwtb' stride=40 count=10169 BPVT=True real_normals=False bones=True tangents=True uv2=False flip_z=False
  UV2 SUMMARY: 2 of 6 group(s) carry a second UV set (via interleaved format OR sidecar .uv2 section):
    + track_R_Shape
    + track_L_Shape
  Distinct vertex formats in this file: 'BPVTxyznuviiiwwtb'
  [600/1215] 35.6s, 16.9 tanks/s, flags={'ERR': 455, 'ALLSHP': 144, 'ASYM': 1, 'NOTRK': 1}
[PkgExtractor] Chassis.primitives_processed <- vehicles_level_09-part2.pkg

Found 4 primitive group(s):
  [+v +i +u2 -c] track_L_Shape
  [+v +i +u2 -c] track_R_Shape
  [+v +i -u2 -c] exportChassL1_Shape
  [+v +i -u2 -c] exportChassR1_Shape
  Vertex format: 'BPVTxyznuviiiwwtb' stride=40 count=1214 BPVT=True real_normals=False bones=True tangents=True uv2=False flip_z=False
  [uv2] 'track_L_Shape': format='BPVSuv2'  count=1214  body_offset=136  -- parsed sidecar UV2 section
  Vertex format: 'BPVTxyznuviiiwwtb' stride=40 count=1216 BPVT=True real_normals=False bones=True tangents=True uv2=False flip_z=False
  [uv2] 'track_R_Shape': format='BPVSuv2'  count=1216  body_offset=136  -- parsed sidecar UV2 section
  Vertex format: 'BPVTxyznuviiiwwtb' stride=40 count=7041 BPVT=True real_normals=False bones=True tangents=True uv2=False flip_z=False
  Vertex format: 'BPVTxyznuviiiwwtb' stride=40 count=7041 BPVT=True real_normals=False bones=True tangents=True uv2=False flip_z=False
  UV2 SUMMARY: 2 of 4 group(s) carry a second UV set (via interleaved format OR sidecar .uv2 section):
    + track_L_Shape
    + track_R_Shape
  Distinct vertex formats in this file: 'BPVTxyznuviiiwwtb'
[PkgExtractor] Chassis.primitives_processed <- vehicles_level_10-part2.pkg

Found 4 primitive group(s):
  [+v +i +u2 -c] track_R_Shape
  [+v +i +u2 -c] track_L_Shape
  [+v +i -u2 -c] exportChassL1_Shape
  [+v +i -u2 -c] exportChassR1_Shape
  Vertex format: 'BPVTxyznuviiiwwtb' stride=40 count=980 BPVT=True real_normals=False bones=True tangents=True uv2=False flip_z=False
  [uv2] 'track_R_Shape': format='BPVSuv2'  count=980  body_offset=136  -- parsed sidecar UV2 section
  Vertex format: 'BPVTxyznuviiiwwtb' stride=40 count=980 BPVT=True real_normals=False bones=True tangents=True uv2=False flip_z=False
  [uv2] 'track_L_Shape': format='BPVSuv2'  count=980  body_offset=136  -- parsed sidecar UV2 section
  Vertex format: 'BPVTxyznuviiiwwtb' stride=40 count=5634 BPVT=True real_normals=False bones=True tangents=True uv2=False flip_z=False
  Vertex format: 'BPVTxyznuviiiwwtb' stride=40 count=5632 BPVT=True real_normals=False bones=True tangents=True uv2=False flip_z=False
  UV2 SUMMARY: 2 of 4 group(s) carry a second UV set (via interleaved format OR sidecar .uv2 section):
    + track_R_Shape
    + track_L_Shape
  Distinct vertex formats in this file: 'BPVTxyznuviiiwwtb'
[PkgExtractor] Chassis.primitives_processed <- vehicles_level_10-part3.pkg

Found 4 primitive group(s):
  [+v +i +u2 -c] track_R_Shape
  [+v +i +u2 -c] track_L_Shape
  [+v +i -u2 -c] exportChassL1_Shape
  [+v +i -u2 -c] exportChassR1_Shape
  Vertex format: 'BPVTxyznuviiiwwtb' stride=40 count=980 BPVT=True real_normals=False bones=True tangents=True uv2=False flip_z=False
  [uv2] 'track_R_Shape': format='BPVSuv2'  count=980  body_offset=136  -- parsed sidecar UV2 section
  Vertex format: 'BPVTxyznuviiiwwtb' stride=40 count=980 BPVT=True real_normals=False bones=True tangents=True uv2=False flip_z=False
  [uv2] 'track_L_Shape': format='BPVSuv2'  count=980  body_offset=136  -- parsed sidecar UV2 section
  Vertex format: 'BPVTxyznuviiiwwtb' stride=40 count=5634 BPVT=True real_normals=False bones=True tangents=True uv2=False flip_z=False
  Vertex format: 'BPVTxyznuviiiwwtb' stride=40 count=5632 BPVT=True real_normals=False bones=True tangents=True uv2=False flip_z=False
  UV2 SUMMARY: 2 of 4 group(s) carry a second UV set (via interleaved format OR sidecar .uv2 section):
    + track_R_Shape
    + track_L_Shape
  Distinct vertex formats in this file: 'BPVTxyznuviiiwwtb'
[PkgExtractor] Chassis.primitives_processed <- vehicles_level_10-part1.pkg

Found 4 primitive group(s):
  [+v +i +u2 -c] track_R_Shape
  [+v +i +u2 -c] track_L_Shape
  [+v +i -u2 -c] chassis_LShape
  [+v +i -u2 -c] chassis_RShape
  Vertex format: 'BPVTxyznuviiiwwtb' stride=40 count=1380 BPVT=True real_normals=False bones=True tangents=True uv2=False flip_z=False
  [uv2] 'track_R_Shape': format='BPVSuv2'  count=1380  body_offset=136  -- parsed sidecar UV2 section
  Vertex format: 'BPVTxyznuviiiwwtb' stride=40 count=1380 BPVT=True real_normals=False bones=True tangents=True uv2=False flip_z=False
  [uv2] 'track_L_Shape': format='BPVSuv2'  count=1380  body_offset=136  -- parsed sidecar UV2 section
  Vertex format: 'BPVTxyznuviiiwwtb' stride=40 count=8394 BPVT=True real_normals=False bones=True tangents=True uv2=False flip_z=False
  Vertex format: 'BPVTxyznuviiiwwtb' stride=40 count=8394 BPVT=True real_normals=False bones=True tangents=True uv2=False flip_z=False
  UV2 SUMMARY: 2 of 4 group(s) carry a second UV set (via interleaved format OR sidecar .uv2 section):
    + track_R_Shape
    + track_L_Shape
  Distinct vertex formats in this file: 'BPVTxyznuviiiwwtb'
[PkgExtractor] Chassis.primitives_processed <- vehicles_level_10-part1.pkg

Found 4 primitive group(s):
  [+v +i +u2 -c] track_R_Shape
  [+v +i +u2 -c] track_L_Shape
  [+v +i -u2 -c] exportChassL1_Shape
  [+v +i -u2 -c] exportChassR1_Shape
  Vertex format: 'BPVTxyznuviiiwwtb' stride=40 count=1650 BPVT=True real_normals=False bones=True tangents=True uv2=False flip_z=False
  [uv2] 'track_R_Shape': format='BPVSuv2'  count=1650  body_offset=136  -- parsed sidecar UV2 section
  Vertex format: 'BPVTxyznuviiiwwtb' stride=40 count=1650 BPVT=True real_normals=False bones=True tangents=True uv2=False flip_z=False
  [uv2] 'track_L_Shape': format='BPVSuv2'  count=1650  body_offset=136  -- parsed sidecar UV2 section
  Vertex format: 'BPVTxyznuviiiwwtb' stride=40 count=5048 BPVT=True real_normals=False bones=True tangents=True uv2=False flip_z=False
  Vertex format: 'BPVTxyznuviiiwwtb' stride=40 count=5048 BPVT=True real_normals=False bones=True tangents=True uv2=False flip_z=False
  UV2 SUMMARY: 2 of 4 group(s) carry a second UV set (via interleaved format OR sidecar .uv2 section):
    + track_R_Shape
    + track_L_Shape
  Distinct vertex formats in this file: 'BPVTxyznuviiiwwtb'
[PkgExtractor] Chassis.primitives_processed <- vehicles_level_10-part3.pkg

Found 4 primitive group(s):
  [+v +i +u2 -c] track_R_Shape
  [+v +i +u2 -c] track_L_Shape
  [+v +i -u2 -c] chassis_LShape
  [+v +i -u2 -c] chassis_RShape
  Vertex format: 'BPVTxyznuviiiwwtb' stride=40 count=1242 BPVT=True real_normals=False bones=True tangents=True uv2=False flip_z=False
  [uv2] 'track_R_Shape': format='BPVSuv2'  count=1242  body_offset=136  -- parsed sidecar UV2 section
  Vertex format: 'BPVTxyznuviiiwwtb' stride=40 count=1212 BPVT=True real_normals=False bones=True tangents=True uv2=False flip_z=False
  [uv2] 'track_L_Shape': format='BPVSuv2'  count=1212  body_offset=136  -- parsed sidecar UV2 section
  Vertex format: 'BPVTxyznuviiiwwtb' stride=40 count=8085 BPVT=True real_normals=False bones=True tangents=True uv2=False flip_z=False
  Vertex format: 'BPVTxyznuviiiwwtb' stride=40 count=8085 BPVT=True real_normals=False bones=True tangents=True uv2=False flip_z=False
  UV2 SUMMARY: 2 of 4 group(s) carry a second UV set (via interleaved format OR sidecar .uv2 section):
    + track_R_Shape
    + track_L_Shape
  Distinct vertex formats in this file: 'BPVTxyznuviiiwwtb'
[PkgExtractor] Chassis.primitives_processed <- vehicles_level_11.pkg

Found 4 primitive group(s):
  [+v +i +u2 -c] track_R_Shape
  [+v +i +u2 -c] track_L_Shape
  [+v +i -u2 -c] chassis_LShape
  [+v +i -u2 -c] chassis_RShape
  Vertex format: 'BPVTxyznuviiiwwtb' stride=40 count=1200 BPVT=True real_normals=False bones=True tangents=True uv2=False flip_z=False
  [uv2] 'track_R_Shape': format='BPVSuv2'  count=1200  body_offset=136  -- parsed sidecar UV2 section
  Vertex format: 'BPVTxyznuviiiwwtb' stride=40 count=1200 BPVT=True real_normals=False bones=True tangents=True uv2=False flip_z=False
  [uv2] 'track_L_Shape': format='BPVSuv2'  count=1200  body_offset=136  -- parsed sidecar UV2 section
  Vertex format: 'BPVTxyznuviiiwwtb' stride=40 count=12003 BPVT=True real_normals=False bones=True tangents=True uv2=False flip_z=False
  Vertex format: 'BPVTxyznuviiiwwtb' stride=40 count=12003 BPVT=True real_normals=False bones=True tangents=True uv2=False flip_z=False
  UV2 SUMMARY: 2 of 4 group(s) carry a second UV set (via interleaved format OR sidecar .uv2 section):
    + track_R_Shape
    + track_L_Shape
  Distinct vertex formats in this file: 'BPVTxyznuviiiwwtb'
[PkgExtractor] Chassis.primitives_processed <- vehicles_level_01.pkg

Found 4 primitive group(s):
  [+v +i +u2 -c] track_L_Shape
  [+v +i +u2 -c] track_R_Shape
  [+v +i -u2 -c] exportChassL1_Shape
  [+v +i -u2 -c] exportChassR1_Shape
  Vertex format: 'BPVTxyznuviiiwwtb' stride=40 count=2000 BPVT=True real_normals=False bones=True tangents=True uv2=False flip_z=False
  [uv2] 'track_L_Shape': format='BPVSuv2'  count=2000  body_offset=136  -- parsed sidecar UV2 section
  Vertex format: 'BPVTxyznuviiiwwtb' stride=40 count=2000 BPVT=True real_normals=False bones=True tangents=True uv2=False flip_z=False
  [uv2] 'track_R_Shape': format='BPVSuv2'  count=2000  body_offset=136  -- parsed sidecar UV2 section
  Vertex format: 'BPVTxyznuviiiwwtb' stride=40 count=4542 BPVT=True real_normals=False bones=True tangents=True uv2=False flip_z=False
  Vertex format: 'BPVTxyznuviiiwwtb' stride=40 count=4542 BPVT=True real_normals=False bones=True tangents=True uv2=False flip_z=False
  UV2 SUMMARY: 2 of 4 group(s) carry a second UV set (via interleaved format OR sidecar .uv2 section):
    + track_L_Shape
    + track_R_Shape
  Distinct vertex formats in this file: 'BPVTxyznuviiiwwtb'
[PkgExtractor] Chassis.primitives_processed <- vehicles_level_02.pkg

Found 4 primitive group(s):
  [+v +i +u2 -c] track_L_Shape
  [+v +i +u2 -c] track_R_Shape
  [+v +i -u2 -c] exportChassL1_Shape
  [+v +i -u2 -c] exportChassR1_Shape
  Vertex format: 'BPVTxyznuviiiwwtb' stride=40 count=954 BPVT=True real_normals=False bones=True tangents=True uv2=False flip_z=False
  [uv2] 'track_L_Shape': format='BPVSuv2'  count=954  body_offset=136  -- parsed sidecar UV2 section
  Vertex format: 'BPVTxyznuviiiwwtb' stride=40 count=954 BPVT=True real_normals=False bones=True tangents=True uv2=False flip_z=False
  [uv2] 'track_R_Shape': format='BPVSuv2'  count=954  body_offset=136  -- parsed sidecar UV2 section
  Vertex format: 'BPVTxyznuviiiwwtb' stride=40 count=11164 BPVT=True real_normals=False bones=True tangents=True uv2=False flip_z=False
  Vertex format: 'BPVTxyznuviiiwwtb' stride=40 count=11164 BPVT=True real_normals=False bones=True tangents=True uv2=False flip_z=False
  UV2 SUMMARY: 2 of 4 group(s) carry a second UV set (via interleaved format OR sidecar .uv2 section):
    + track_L_Shape
    + track_R_Shape
  Distinct vertex formats in this file: 'BPVTxyznuviiiwwtb'
[PkgExtractor] Chassis.primitives_processed <- vehicles_level_02.pkg

Found 4 primitive group(s):
  [+v +i +u2 -c] track_L_Shape
  [+v +i +u2 -c] track_R_Shape
  [+v +i -u2 -c] exportChassL1_Shape
  [+v +i -u2 -c] exportChassR1_Shape
  Vertex format: 'BPVTxyznuviiiwwtb' stride=40 count=974 BPVT=True real_normals=False bones=True tangents=True uv2=False flip_z=False
  [uv2] 'track_L_Shape': format='BPVSuv2'  count=974  body_offset=136  -- parsed sidecar UV2 section
  Vertex format: 'BPVTxyznuviiiwwtb' stride=40 count=969 BPVT=True real_normals=False bones=True tangents=True uv2=False flip_z=False
  [uv2] 'track_R_Shape': format='BPVSuv2'  count=969  body_offset=136  -- parsed sidecar UV2 section
  Vertex format: 'BPVTxyznuviiiwwtb' stride=40 count=10463 BPVT=True real_normals=False bones=True tangents=True uv2=False flip_z=False
  Vertex format: 'BPVTxyznuviiiwwtb' stride=40 count=10463 BPVT=True real_normals=False bones=True tangents=True uv2=False flip_z=False
  UV2 SUMMARY: 2 of 4 group(s) carry a second UV set (via interleaved format OR sidecar .uv2 section):
    + track_L_Shape
    + track_R_Shape
  Distinct vertex formats in this file: 'BPVTxyznuviiiwwtb'
[PkgExtractor] Chassis.primitives_processed <- vehicles_level_02.pkg

Found 4 primitive group(s):
  [+v +i +u2 -c] track_L_Shape
  [+v +i +u2 -c] track_R_Shape
  [+v +i -u2 -c] exportChassL1_Shape
  [+v +i -u2 -c] exportChassR1_Shape
  Vertex format: 'BPVTxyznuviiiwwtb' stride=40 count=742 BPVT=True real_normals=False bones=True tangents=True uv2=False flip_z=False
  [uv2] 'track_L_Shape': format='BPVSuv2'  count=742  body_offset=136  -- parsed sidecar UV2 section
  Vertex format: 'BPVTxyznuviiiwwtb' stride=40 count=742 BPVT=True real_normals=False bones=True tangents=True uv2=False flip_z=False
  [uv2] 'track_R_Shape': format='BPVSuv2'  count=742  body_offset=136  -- parsed sidecar UV2 section
  Vertex format: 'BPVTxyznuviiiwwtb' stride=40 count=10226 BPVT=True real_normals=False bones=True tangents=True uv2=False flip_z=False
  Vertex format: 'BPVTxyznuviiiwwtb' stride=40 count=10226 BPVT=True real_normals=False bones=True tangents=True uv2=False flip_z=False
  UV2 SUMMARY: 2 of 4 group(s) carry a second UV set (via interleaved format OR sidecar .uv2 section):
    + track_L_Shape
    + track_R_Shape
  Distinct vertex formats in this file: 'BPVTxyznuviiiwwtb'
[PkgExtractor] Chassis.primitives_processed <- vehicles_level_03.pkg

Found 4 primitive group(s):
  [+v +i +u2 -c] track_L_Shape
  [+v +i +u2 -c] track_R_Shape
  [+v +i -u2 -c] exportChassL1_Shape
  [+v +i -u2 -c] exportChassR1_Shape
  Vertex format: 'BPVTxyznuviiiwwtb' stride=40 count=918 BPVT=True real_normals=False bones=True tangents=True uv2=False flip_z=False
  [uv2] 'track_L_Shape': format='BPVSuv2'  count=918  body_offset=136  -- parsed sidecar UV2 section
  Vertex format: 'BPVTxyznuviiiwwtb' stride=40 count=918 BPVT=True real_normals=False bones=True tangents=True uv2=False flip_z=False
  [uv2] 'track_R_Shape': format='BPVSuv2'  count=918  body_offset=136  -- parsed sidecar UV2 section
  Vertex format: 'BPVTxyznuviiiwwtb' stride=40 count=9428 BPVT=True real_normals=False bones=True tangents=True uv2=False flip_z=False
  Vertex format: 'BPVTxyznuviiiwwtb' stride=40 count=9428 BPVT=True real_normals=False bones=True tangents=True uv2=False flip_z=False
  UV2 SUMMARY: 2 of 4 group(s) carry a second UV set (via interleaved format OR sidecar .uv2 section):
    + track_L_Shape
    + track_R_Shape
  Distinct vertex formats in this file: 'BPVTxyznuviiiwwtb'
[PkgExtractor] Chassis.primitives_processed <- vehicles_level_03.pkg

Found 4 primitive group(s):
  [+v +i +u2 -c] track_L_Shape
  [+v +i +u2 -c] track_R_Shape
  [+v +i -u2 -c] exportChassL1_Shape
  [+v +i -u2 -c] exportChassR1_Shape
  Vertex format: 'BPVTxyznuviiiwwtb' stride=40 count=1430 BPVT=True real_normals=False bones=True tangents=True uv2=False flip_z=False
  [uv2] 'track_L_Shape': format='BPVSuv2'  count=1430  body_offset=136  -- parsed sidecar UV2 section
  Vertex format: 'BPVTxyznuviiiwwtb' stride=40 count=1430 BPVT=True real_normals=False bones=True tangents=True uv2=False flip_z=False
  [uv2] 'track_R_Shape': format='BPVSuv2'  count=1430  body_offset=136  -- parsed sidecar UV2 section
  Vertex format: 'BPVTxyznuviiiwwtb' stride=40 count=8623 BPVT=True real_normals=False bones=True tangents=True uv2=False flip_z=False
  Vertex format: 'BPVTxyznuviiiwwtb' stride=40 count=8971 BPVT=True real_normals=False bones=True tangents=True uv2=False flip_z=False
  UV2 SUMMARY: 2 of 4 group(s) carry a second UV set (via interleaved format OR sidecar .uv2 section):
    + track_L_Shape
    + track_R_Shape
  Distinct vertex formats in this file: 'BPVTxyznuviiiwwtb'
[PkgExtractor] Chassis.primitives_processed <- vehicles_level_03.pkg

Found 4 primitive group(s):
  [+v +i +u2 -c] track_L_Shape
  [+v +i +u2 -c] track_R_Shape
  [+v +i -u2 -c] exportChassL1_Shape
  [+v +i -u2 -c] exportChassR1_Shape
  Vertex format: 'BPVTxyznuviiiwwtb' stride=40 count=880 BPVT=True real_normals=False bones=True tangents=True uv2=False flip_z=False
  [uv2] 'track_L_Shape': format='BPVSuv2'  count=880  body_offset=136  -- parsed sidecar UV2 section
  Vertex format: 'BPVTxyznuviiiwwtb' stride=40 count=880 BPVT=True real_normals=False bones=True tangents=True uv2=False flip_z=False
  [uv2] 'track_R_Shape': format='BPVSuv2'  count=880  body_offset=136  -- parsed sidecar UV2 section
  Vertex format: 'BPVTxyznuviiiwwtb' stride=40 count=8346 BPVT=True real_normals=False bones=True tangents=True uv2=False flip_z=False
  Vertex format: 'BPVTxyznuviiiwwtb' stride=40 count=8346 BPVT=True real_normals=False bones=True tangents=True uv2=False flip_z=False
  UV2 SUMMARY: 2 of 4 group(s) carry a second UV set (via interleaved format OR sidecar .uv2 section):
    + track_L_Shape
    + track_R_Shape
  Distinct vertex formats in this file: 'BPVTxyznuviiiwwtb'
[PkgExtractor] Chassis.primitives_processed <- vehicles_level_03.pkg

Found 4 primitive group(s):
  [+v +i +u2 -c] track_L_Shape
  [+v +i +u2 -c] track_R_Shape
  [+v +i -u2 -c] chassis_LShape
  [+v +i -u2 -c] chassis_RShape
  Vertex format: 'BPVTxyznuviiiwwtb' stride=40 count=966 BPVT=True real_normals=False bones=True tangents=True uv2=False flip_z=False
  [uv2] 'track_L_Shape': format='BPVSuv2'  count=966  body_offset=136  -- parsed sidecar UV2 section
  Vertex format: 'BPVTxyznuviiiwwtb' stride=40 count=966 BPVT=True real_normals=False bones=True tangents=True uv2=False flip_z=False
  [uv2] 'track_R_Shape': format='BPVSuv2'  count=966  body_offset=136  -- parsed sidecar UV2 section
  Vertex format: 'BPVTxyznuviiiwwtb' stride=40 count=28174 BPVT=True real_normals=False bones=True tangents=True uv2=False flip_z=False
  Vertex format: 'BPVTxyznuviiiwwtb' stride=40 count=28176 BPVT=True real_normals=False bones=True tangents=True uv2=False flip_z=False
  UV2 SUMMARY: 2 of 4 group(s) carry a second UV set (via interleaved format OR sidecar .uv2 section):
    + track_L_Shape
    + track_R_Shape
  Distinct vertex formats in this file: 'BPVTxyznuviiiwwtb'
[PkgExtractor] Chassis.primitives_processed <- vehicles_level_04.pkg

Found 4 primitive group(s):
  [+v +i +u2 -c] track_R_Shape
  [+v +i +u2 -c] track_L_Shape
  [+v +i -u2 -c] exportChassL1_Shape
  [+v +i -u2 -c] exportChassR1_Shape
  Vertex format: 'BPVTxyznuviiiwwtb' stride=40 count=1512 BPVT=True real_normals=False bones=True tangents=True uv2=False flip_z=False
  [uv2] 'track_R_Shape': format='BPVSuv2'  count=1512  body_offset=136  -- parsed sidecar UV2 section
  Vertex format: 'BPVTxyznuviiiwwtb' stride=40 count=1512 BPVT=True real_normals=False bones=True tangents=True uv2=False flip_z=False
  [uv2] 'track_L_Shape': format='BPVSuv2'  count=1512  body_offset=136  -- parsed sidecar UV2 section
  Vertex format: 'BPVTxyznuviiiwwtb' stride=40 count=9778 BPVT=True real_normals=False bones=True tangents=True uv2=False flip_z=False
  Vertex format: 'BPVTxyznuviiiwwtb' stride=40 count=9670 BPVT=True real_normals=False bones=True tangents=True uv2=False flip_z=False
  UV2 SUMMARY: 2 of 4 group(s) carry a second UV set (via interleaved format OR sidecar .uv2 section):
    + track_R_Shape
    + track_L_Shape
  Distinct vertex formats in this file: 'BPVTxyznuviiiwwtb'
[PkgExtractor] Chassis.primitives_processed <- vehicles_level_04.pkg

Found 4 primitive group(s):
  [+v +i +u2 -c] track_L_Shape
  [+v +i +u2 -c] track_R_Shape
  [+v +i -u2 -c] exportChassL1_Shape
  [+v +i -u2 -c] exportChassR1_Shape
  Vertex format: 'BPVTxyznuviiiwwtb' stride=40 count=1404 BPVT=True real_normals=False bones=True tangents=True uv2=False flip_z=False
  [uv2] 'track_L_Shape': format='BPVSuv2'  count=1404  body_offset=136  -- parsed sidecar UV2 section
  Vertex format: 'BPVTxyznuviiiwwtb' stride=40 count=1404 BPVT=True real_normals=False bones=True tangents=True uv2=False flip_z=False
  [uv2] 'track_R_Shape': format='BPVSuv2'  count=1404  body_offset=136  -- parsed sidecar UV2 section
  Vertex format: 'BPVTxyznuviiiwwtb' stride=40 count=5651 BPVT=True real_normals=False bones=True tangents=True uv2=False flip_z=False
  Vertex format: 'BPVTxyznuviiiwwtb' stride=40 count=5651 BPVT=True real_normals=False bones=True tangents=True uv2=False flip_z=False
  UV2 SUMMARY: 2 of 4 group(s) carry a second UV set (via interleaved format OR sidecar .uv2 section):
    + track_L_Shape
    + track_R_Shape
  Distinct vertex formats in this file: 'BPVTxyznuviiiwwtb'
[PkgExtractor] Chassis.primitives_processed <- vehicles_level_05-part2.pkg

Found 4 primitive group(s):
  [+v +i +u2 -c] track_L_Shape
  [+v +i +u2 -c] track_R_Shape
  [+v +i -u2 -c] exportChassL1_Shape
  [+v +i -u2 -c] exportChassR1_Shape
  Vertex format: 'BPVTxyznuviiiwwtb' stride=40 count=960 BPVT=True real_normals=False bones=True tangents=True uv2=False flip_z=False
  [uv2] 'track_L_Shape': format='BPVSuv2'  count=960  body_offset=136  -- parsed sidecar UV2 section
  Vertex format: 'BPVTxyznuviiiwwtb' stride=40 count=960 BPVT=True real_normals=False bones=True tangents=True uv2=False flip_z=False
  [uv2] 'track_R_Shape': format='BPVSuv2'  count=960  body_offset=136  -- parsed sidecar UV2 section
  Vertex format: 'BPVTxyznuviiiwwtb' stride=40 count=9591 BPVT=True real_normals=False bones=True tangents=True uv2=False flip_z=False
  Vertex format: 'BPVTxyznuviiiwwtb' stride=40 count=9591 BPVT=True real_normals=False bones=True tangents=True uv2=False flip_z=False
  UV2 SUMMARY: 2 of 4 group(s) carry a second UV set (via interleaved format OR sidecar .uv2 section):
    + track_L_Shape
    + track_R_Shape
  Distinct vertex formats in this file: 'BPVTxyznuviiiwwtb'
[PkgExtractor] Chassis.primitives_processed <- vehicles_level_05-part1.pkg

Found 4 primitive group(s):
  [+v +i +u2 -c] track_L_Shape
  [+v +i +u2 -c] track_R_Shape
  [+v +i -u2 -c] exportChassL1_Shape
  [+v +i -u2 -c] exportChassR1_Shape
  Vertex format: 'BPVTxyznuviiiwwtb' stride=40 count=1368 BPVT=True real_normals=False bones=True tangents=True uv2=False flip_z=False
  [uv2] 'track_L_Shape': format='BPVSuv2'  count=1368  body_offset=136  -- parsed sidecar UV2 section
  Vertex format: 'BPVTxyznuviiiwwtb' stride=40 count=1368 BPVT=True real_normals=False bones=True tangents=True uv2=False flip_z=False
  [uv2] 'track_R_Shape': format='BPVSuv2'  count=1368  body_offset=136  -- parsed sidecar UV2 section
  Vertex format: 'BPVTxyznuviiiwwtb' stride=40 count=7162 BPVT=True real_normals=False bones=True tangents=True uv2=False flip_z=False
  Vertex format: 'BPVTxyznuviiiwwtb' stride=40 count=7564 BPVT=True real_normals=False bones=True tangents=True uv2=False flip_z=False
  UV2 SUMMARY: 2 of 4 group(s) carry a second UV set (via interleaved format OR sidecar .uv2 section):
    + track_L_Shape
    + track_R_Shape
  Distinct vertex formats in this file: 'BPVTxyznuviiiwwtb'
[PkgExtractor] Chassis.primitives_processed <- vehicles_level_06-part2.pkg

Found 4 primitive group(s):
  [+v +i +u2 -c] track_R_Shape
  [+v +i +u2 -c] track_L_Shape
  [+v +i -u2 -c] exportChassL1_Shape
  [+v +i -u2 -c] exportChassR1_Shape
  Vertex format: 'BPVTxyznuviiiwwtb' stride=40 count=1106 BPVT=True real_normals=False bones=True tangents=True uv2=False flip_z=False
  [uv2] 'track_R_Shape': format='BPVSuv2'  count=1106  body_offset=136  -- parsed sidecar UV2 section
  Vertex format: 'BPVTxyznuviiiwwtb' stride=40 count=1106 BPVT=True real_normals=False bones=True tangents=True uv2=False flip_z=False
  [uv2] 'track_L_Shape': format='BPVSuv2'  count=1106  body_offset=136  -- parsed sidecar UV2 section
  Vertex format: 'BPVTxyznuviiiwwtb' stride=40 count=9788 BPVT=True real_normals=False bones=True tangents=True uv2=False flip_z=False
  Vertex format: 'BPVTxyznuviiiwwtb' stride=40 count=9788 BPVT=True real_normals=False bones=True tangents=True uv2=False flip_z=False
  UV2 SUMMARY: 2 of 4 group(s) carry a second UV set (via interleaved format OR sidecar .uv2 section):
    + track_R_Shape
    + track_L_Shape
  Distinct vertex formats in this file: 'BPVTxyznuviiiwwtb'
[PkgExtractor] Chassis.primitives_processed <- vehicles_level_06-part1.pkg

Found 4 primitive group(s):
  [+v +i +u2 -c] track_L_Shape
  [+v +i +u2 -c] track_R_Shape
  [+v +i -u2 -c] exportChassL1_Shape
  [+v +i -u2 -c] exportChassR1_Shape
  Vertex format: 'BPVTxyznuviiiwwtb' stride=40 count=1098 BPVT=True real_normals=False bones=True tangents=True uv2=False flip_z=False
  [uv2] 'track_L_Shape': format='BPVSuv2'  count=1098  body_offset=136  -- parsed sidecar UV2 section
  Vertex format: 'BPVTxyznuviiiwwtb' stride=40 count=1098 BPVT=True real_normals=False bones=True tangents=True uv2=False flip_z=False
  [uv2] 'track_R_Shape': format='BPVSuv2'  count=1098  body_offset=136  -- parsed sidecar UV2 section
  Vertex format: 'BPVTxyznuviiiwwtb' stride=40 count=8949 BPVT=True real_normals=False bones=True tangents=True uv2=False flip_z=False
  Vertex format: 'BPVTxyznuviiiwwtb' stride=40 count=8949 BPVT=True real_normals=False bones=True tangents=True uv2=False flip_z=False
  UV2 SUMMARY: 2 of 4 group(s) carry a second UV set (via interleaved format OR sidecar .uv2 section):
    + track_L_Shape
    + track_R_Shape
  Distinct vertex formats in this file: 'BPVTxyznuviiiwwtb'
[PkgExtractor] Chassis.primitives_processed <- vehicles_level_06-part1.pkg

Found 4 primitive group(s):
  [+v +i +u2 -c] track_L_Shape
  [+v +i +u2 -c] track_R_Shape
  [+v +i -u2 -c] exportChassL1_Shape
  [+v +i -u2 -c] exportChassR1_Shape
  Vertex format: 'BPVTxyznuviiiwwtb' stride=40 count=1380 BPVT=True real_normals=False bones=True tangents=True uv2=False flip_z=False
  [uv2] 'track_L_Shape': format='BPVSuv2'  count=1380  body_offset=136  -- parsed sidecar UV2 section
  Vertex format: 'BPVTxyznuviiiwwtb' stride=40 count=1380 BPVT=True real_normals=False bones=True tangents=True uv2=False flip_z=False
  [uv2] 'track_R_Shape': format='BPVSuv2'  count=1380  body_offset=136  -- parsed sidecar UV2 section
  Vertex format: 'BPVTxyznuviiiwwtb' stride=40 count=6448 BPVT=True real_normals=False bones=True tangents=True uv2=False flip_z=False
  Vertex format: 'BPVTxyznuviiiwwtb' stride=40 count=6448 BPVT=True real_normals=False bones=True tangents=True uv2=False flip_z=False
  UV2 SUMMARY: 2 of 4 group(s) carry a second UV set (via interleaved format OR sidecar .uv2 section):
    + track_L_Shape
    + track_R_Shape
  Distinct vertex formats in this file: 'BPVTxyznuviiiwwtb'
[PkgExtractor] Chassis.primitives_processed <- vehicles_level_07-part2.pkg

Found 4 primitive group(s):
  [+v +i +u2 -c] track_L_Shape
  [+v +i +u2 -c] track_R_Shape
  [+v +i -u2 -c] exportChassL1_Shape
  [+v +i -u2 -c] exportChassR1_Shape
  Vertex format: 'BPVTxyznuviiiwwtb' stride=40 count=1540 BPVT=True real_normals=False bones=True tangents=True uv2=False flip_z=False
  [uv2] 'track_L_Shape': format='BPVSuv2'  count=1540  body_offset=136  -- parsed sidecar UV2 section
  Vertex format: 'BPVTxyznuviiiwwtb' stride=40 count=1540 BPVT=True real_normals=False bones=True tangents=True uv2=False flip_z=False
  [uv2] 'track_R_Shape': format='BPVSuv2'  count=1540  body_offset=136  -- parsed sidecar UV2 section
  Vertex format: 'BPVTxyznuviiiwwtb' stride=40 count=7086 BPVT=True real_normals=False bones=True tangents=True uv2=False flip_z=False
  Vertex format: 'BPVTxyznuviiiwwtb' stride=40 count=7086 BPVT=True real_normals=False bones=True tangents=True uv2=False flip_z=False
  UV2 SUMMARY: 2 of 4 group(s) carry a second UV set (via interleaved format OR sidecar .uv2 section):
    + track_L_Shape
    + track_R_Shape
  Distinct vertex formats in this file: 'BPVTxyznuviiiwwtb'
[PkgExtractor] Chassis.primitives_processed <- vehicles_level_07-part1.pkg

Found 4 primitive group(s):
  [+v +i +u2 -c] track_L_Shape
  [+v +i +u2 -c] track_R_Shape
  [+v +i -u2 -c] exportChassL1_Shape
  [+v +i -u2 -c] exportChassR1_Shape
  Vertex format: 'BPVTxyznuviiiwwtb' stride=40 count=1124 BPVT=True real_normals=False bones=True tangents=True uv2=False flip_z=False
  [uv2] 'track_L_Shape': format='BPVSuv2'  count=1124  body_offset=136  -- parsed sidecar UV2 section
  Vertex format: 'BPVTxyznuviiiwwtb' stride=40 count=1121 BPVT=True real_normals=False bones=True tangents=True uv2=False flip_z=False
  [uv2] 'track_R_Shape': format='BPVSuv2'  count=1121  body_offset=136  -- parsed sidecar UV2 section
  Vertex format: 'BPVTxyznuviiiwwtb' stride=40 count=9205 BPVT=True real_normals=False bones=True tangents=True uv2=False flip_z=False
  Vertex format: 'BPVTxyznuviiiwwtb' stride=40 count=9205 BPVT=True real_normals=False bones=True tangents=True uv2=False flip_z=False
  UV2 SUMMARY: 2 of 4 group(s) carry a second UV set (via interleaved format OR sidecar .uv2 section):
    + track_L_Shape
    + track_R_Shape
  Distinct vertex formats in this file: 'BPVTxyznuviiiwwtb'
[PkgExtractor] Chassis.primitives_processed <- vehicles_level_08-part2.pkg

Found 4 primitive group(s):
  [+v +i +u2 -c] track_L_Shape
  [+v +i +u2 -c] track_R_Shape
  [+v +i -u2 -c] exportChassL1_Shape
  [+v +i -u2 -c] exportChassR1_Shape
  Vertex format: 'BPVTxyznuviiiwwtb' stride=40 count=1352 BPVT=True real_normals=False bones=True tangents=True uv2=False flip_z=False
  [uv2] 'track_L_Shape': format='BPVSuv2'  count=1352  body_offset=136  -- parsed sidecar UV2 section
  Vertex format: 'BPVTxyznuviiiwwtb' stride=40 count=1352 BPVT=True real_normals=False bones=True tangents=True uv2=False flip_z=False
  [uv2] 'track_R_Shape': format='BPVSuv2'  count=1352  body_offset=136  -- parsed sidecar UV2 section
  Vertex format: 'BPVTxyznuviiiwwtb' stride=40 count=10511 BPVT=True real_normals=False bones=True tangents=True uv2=False flip_z=False
  Vertex format: 'BPVTxyznuviiiwwtb' stride=40 count=10431 BPVT=True real_normals=False bones=True tangents=True uv2=False flip_z=False
  UV2 SUMMARY: 2 of 4 group(s) carry a second UV set (via interleaved format OR sidecar .uv2 section):
    + track_L_Shape
    + track_R_Shape
  Distinct vertex formats in this file: 'BPVTxyznuviiiwwtb'
[PkgExtractor] Chassis.primitives_processed <- vehicles_level_08-part1.pkg

Found 4 primitive group(s):
  [+v +i +u2 -c] track_L_Shape
  [+v +i +u2 -c] track_R_Shape
  [+v +i -u2 -c] chassis_L_Shape
  [+v +i -u2 -c] chassis_R_Shape
  Vertex format: 'BPVTxyznuviiiwwtb' stride=40 count=1343 BPVT=True real_normals=False bones=True tangents=True uv2=False flip_z=False
  [uv2] 'track_L_Shape': format='BPVSuv2'  count=1343  body_offset=136  -- parsed sidecar UV2 section
  Vertex format: 'BPVTxyznuviiiwwtb' stride=40 count=1326 BPVT=True real_normals=False bones=True tangents=True uv2=False flip_z=False
  [uv2] 'track_R_Shape': format='BPVSuv2'  count=1326  body_offset=136  -- parsed sidecar UV2 section
  Vertex format: 'BPVTxyznuviiiwwtb' stride=40 count=8012 BPVT=True real_normals=False bones=True tangents=True uv2=False flip_z=False
  Vertex format: 'BPVTxyznuviiiwwtb' stride=40 count=8012 BPVT=True real_normals=False bones=True tangents=True uv2=False flip_z=False
  UV2 SUMMARY: 2 of 4 group(s) carry a second UV set (via interleaved format OR sidecar .uv2 section):
    + track_L_Shape
    + track_R_Shape
  Distinct vertex formats in this file: 'BPVTxyznuviiiwwtb'
[PkgExtractor] Chassis.primitives_processed <- vehicles_level_08-part3.pkg

Found 4 primitive group(s):
  [+v +i -u2 -c] chassis_LShape1
  [+v +i -u2 -c] chassis_RShape1
  [+v +i +u2 -c] track_L_Shape
  [+v +i +u2 -c] track_R_Shape
  Vertex format: 'BPVTxyznuviiiwwtb' stride=40 count=4599 BPVT=True real_normals=False bones=True tangents=True uv2=False flip_z=False
  Vertex format: 'BPVTxyznuviiiwwtb' stride=40 count=4599 BPVT=True real_normals=False bones=True tangents=True uv2=False flip_z=False
  Vertex format: 'BPVTxyznuviiiwwtb' stride=40 count=1012 BPVT=True real_normals=False bones=True tangents=True uv2=False flip_z=False
  [uv2] 'track_L_Shape': format='BPVSuv2'  count=1012  body_offset=136  -- parsed sidecar UV2 section
  Vertex format: 'BPVTxyznuviiiwwtb' stride=40 count=1010 BPVT=True real_normals=False bones=True tangents=True uv2=False flip_z=False
  [uv2] 'track_R_Shape': format='BPVSuv2'  count=1010  body_offset=136  -- parsed sidecar UV2 section
  UV2 SUMMARY: 2 of 4 group(s) carry a second UV set (via interleaved format OR sidecar .uv2 section):
    + track_L_Shape
    + track_R_Shape
  Distinct vertex formats in this file: 'BPVTxyznuviiiwwtb'
[PkgExtractor] Chassis.primitives_processed <- vehicles_level_08-part3.pkg

Found 4 primitive group(s):
  [+v +i +u2 -c] track_L_Shape
  [+v +i +u2 -c] track_R_Shape
  [+v +i -u2 -c] exportChassL1_Shape
  [+v +i -u2 -c] exportChassR1_Shape
  Vertex format: 'BPVTxyznuviiiwwtb' stride=40 count=2130 BPVT=True real_normals=False bones=True tangents=True uv2=False flip_z=False
  [uv2] 'track_L_Shape': format='BPVSuv2'  count=2130  body_offset=136  -- parsed sidecar UV2 section
  Vertex format: 'BPVTxyznuviiiwwtb' stride=40 count=2148 BPVT=True real_normals=False bones=True tangents=True uv2=False flip_z=False
  [uv2] 'track_R_Shape': format='BPVSuv2'  count=2148  body_offset=136  -- parsed sidecar UV2 section
  Vertex format: 'BPVTxyznuviiiwwtb' stride=40 count=4892 BPVT=True real_normals=False bones=True tangents=True uv2=False flip_z=False
  Vertex format: 'BPVTxyznuviiiwwtb' stride=40 count=4912 BPVT=True real_normals=False bones=True tangents=True uv2=False flip_z=False
  UV2 SUMMARY: 2 of 4 group(s) carry a second UV set (via interleaved format OR sidecar .uv2 section):
    + track_L_Shape
    + track_R_Shape
  Distinct vertex formats in this file: 'BPVTxyznuviiiwwtb'
[PkgExtractor] Chassis.primitives_processed <- vehicles_level_08-part1.pkg

Found 4 primitive group(s):
  [+v +i +u2 -c] track_L_Shape
  [+v +i +u2 -c] track_R_Shape
  [+v +i -u2 -c] exportChassL1_Shape
  [+v +i -u2 -c] exportChassR1_Shape
  Vertex format: 'BPVTxyznuviiiwwtb' stride=40 count=2130 BPVT=True real_normals=False bones=True tangents=True uv2=False flip_z=False
  [uv2] 'track_L_Shape': format='BPVSuv2'  count=2130  body_offset=136  -- parsed sidecar UV2 section
  Vertex format: 'BPVTxyznuviiiwwtb' stride=40 count=2148 BPVT=True real_normals=False bones=True tangents=True uv2=False flip_z=False
  [uv2] 'track_R_Shape': format='BPVSuv2'  count=2148  body_offset=136  -- parsed sidecar UV2 section
  Vertex format: 'BPVTxyznuviiiwwtb' stride=40 count=4892 BPVT=True real_normals=False bones=True tangents=True uv2=False flip_z=False
  Vertex format: 'BPVTxyznuviiiwwtb' stride=40 count=4912 BPVT=True real_normals=False bones=True tangents=True uv2=False flip_z=False
  UV2 SUMMARY: 2 of 4 group(s) carry a second UV set (via interleaved format OR sidecar .uv2 section):
    + track_L_Shape
    + track_R_Shape
  Distinct vertex formats in this file: 'BPVTxyznuviiiwwtb'
[PkgExtractor] Chassis.primitives_processed <- vehicles_level_08-part2.pkg

Found 4 primitive group(s):
  [+v +i +u2 -c] track_RShape
  [+v +i +u2 -c] track_LShape
  [+v +i -u2 -c] exportChassL1Shape
  [+v +i -u2 -c] exportChassR1Shape
  Vertex format: 'BPVTxyznuviiiwwtb' stride=40 count=1352 BPVT=True real_normals=False bones=True tangents=True uv2=False flip_z=False
  [uv2] 'track_RShape': format='BPVSuv2'  count=1352  body_offset=136  -- parsed sidecar UV2 section
  Vertex format: 'BPVTxyznuviiiwwtb' stride=40 count=1352 BPVT=True real_normals=False bones=True tangents=True uv2=False flip_z=False
  [uv2] 'track_LShape': format='BPVSuv2'  count=1352  body_offset=136  -- parsed sidecar UV2 section
  Vertex format: 'BPVTxyznuviiiwwtb' stride=40 count=9153 BPVT=True real_normals=False bones=True tangents=True uv2=False flip_z=False
  Vertex format: 'BPVTxyznuviiiwwtb' stride=40 count=9154 BPVT=True real_normals=False bones=True tangents=True uv2=False flip_z=False
  UV2 SUMMARY: 2 of 4 group(s) carry a second UV set (via interleaved format OR sidecar .uv2 section):
    + track_RShape
    + track_LShape
  Distinct vertex formats in this file: 'BPVTxyznuviiiwwtb'
[PkgExtractor] Chassis.primitives_processed <- vehicles_level_08-part3.pkg

Found 4 primitive group(s):
  [+v +i +u2 -c] track_R_Shape
  [+v +i +u2 -c] track_L_Shape
  [+v +i -u2 -c] exportChassL1_Shape
  [+v +i -u2 -c] exportChassR1_Shape
  Vertex format: 'BPVTxyznuviiiwwtb' stride=40 count=1110 BPVT=True real_normals=False bones=True tangents=True uv2=False flip_z=False
  [uv2] 'track_R_Shape': format='BPVSuv2'  count=1110  body_offset=136  -- parsed sidecar UV2 section
  Vertex format: 'BPVTxyznuviiiwwtb' stride=40 count=1110 BPVT=True real_normals=False bones=True tangents=True uv2=False flip_z=False
  [uv2] 'track_L_Shape': format='BPVSuv2'  count=1110  body_offset=136  -- parsed sidecar UV2 section
  Vertex format: 'BPVTxyznuviiiwwtb' stride=40 count=9441 BPVT=True real_normals=False bones=True tangents=True uv2=False flip_z=False
  Vertex format: 'BPVTxyznuviiiwwtb' stride=40 count=9440 BPVT=True real_normals=False bones=True tangents=True uv2=False flip_z=False
  UV2 SUMMARY: 2 of 4 group(s) carry a second UV set (via interleaved format OR sidecar .uv2 section):
    + track_R_Shape
    + track_L_Shape
  Distinct vertex formats in this file: 'BPVTxyznuviiiwwtb'
[PkgExtractor] Chassis.primitives_processed <- vehicles_level_08-part2.pkg

Found 4 primitive group(s):
  [+v +i +u2 -c] track_L_Shape
  [+v +i +u2 -c] track_R_Shape
  [+v +i -u2 -c] exportChassL1_Shape
  [+v +i -u2 -c] exportChassR1_Shape
  Vertex format: 'BPVTxyznuviiiwwtb' stride=40 count=1672 BPVT=True real_normals=False bones=True tangents=True uv2=False flip_z=False
  [uv2] 'track_L_Shape': format='BPVSuv2'  count=1672  body_offset=136  -- parsed sidecar UV2 section
  Vertex format: 'BPVTxyznuviiiwwtb' stride=40 count=1672 BPVT=True real_normals=False bones=True tangents=True uv2=False flip_z=False
  [uv2] 'track_R_Shape': format='BPVSuv2'  count=1672  body_offset=136  -- parsed sidecar UV2 section
  Vertex format: 'BPVTxyznuviiiwwtb' stride=40 count=7134 BPVT=True real_normals=False bones=True tangents=True uv2=False flip_z=False
  Vertex format: 'BPVTxyznuviiiwwtb' stride=40 count=7134 BPVT=True real_normals=False bones=True tangents=True uv2=False flip_z=False
  UV2 SUMMARY: 2 of 4 group(s) carry a second UV set (via interleaved format OR sidecar .uv2 section):
    + track_L_Shape
    + track_R_Shape
  Distinct vertex formats in this file: 'BPVTxyznuviiiwwtb'
[PkgExtractor] Chassis.primitives_processed <- vehicles_level_08-part1.pkg

Found 4 primitive group(s):
  [+v +i +u2 -c] track_L_Shape
  [+v +i +u2 -c] track_R_Shape
  [+v +i -u2 -c] exportChassL1_Shape
  [+v +i -u2 -c] exportChassR1_Shape
  Vertex format: 'BPVTxyznuviiiwwtb' stride=40 count=1544 BPVT=True real_normals=False bones=True tangents=True uv2=False flip_z=False
  [uv2] 'track_L_Shape': format='BPVSuv2'  count=1544  body_offset=136  -- parsed sidecar UV2 section
  Vertex format: 'BPVTxyznuviiiwwtb' stride=40 count=1540 BPVT=True real_normals=False bones=True tangents=True uv2=False flip_z=False
  [uv2] 'track_R_Shape': format='BPVSuv2'  count=1540  body_offset=136  -- parsed sidecar UV2 section
  Vertex format: 'BPVTxyznuviiiwwtb' stride=40 count=7050 BPVT=True real_normals=False bones=True tangents=True uv2=False flip_z=False
  Vertex format: 'BPVTxyznuviiiwwtb' stride=40 count=7050 BPVT=True real_normals=False bones=True tangents=True uv2=False flip_z=False
  UV2 SUMMARY: 2 of 4 group(s) carry a second UV set (via interleaved format OR sidecar .uv2 section):
    + track_L_Shape
    + track_R_Shape
  Distinct vertex formats in this file: 'BPVTxyznuviiiwwtb'
[PkgExtractor] Chassis.primitives_processed <- vehicles_level_08-part2.pkg

Found 4 primitive group(s):
  [+v +i +u2 -c] track_L_Shape
  [+v +i +u2 -c] track_R_Shape
  [+v +i -u2 -c] chassis_L_Shape
  [+v +i -u2 -c] chassis_R_Shape
  Vertex format: 'BPVTxyznuviiiwwtb' stride=40 count=1552 BPVT=True real_normals=False bones=True tangents=True uv2=False flip_z=False
  [uv2] 'track_L_Shape': format='BPVSuv2'  count=1552  body_offset=136  -- parsed sidecar UV2 section
  Vertex format: 'BPVTxyznuviiiwwtb' stride=40 count=1572 BPVT=True real_normals=False bones=True tangents=True uv2=False flip_z=False
  [uv2] 'track_R_Shape': format='BPVSuv2'  count=1572  body_offset=136  -- parsed sidecar UV2 section
  Vertex format: 'BPVTxyznuviiiwwtb' stride=40 count=12077 BPVT=True real_normals=False bones=True tangents=True uv2=False flip_z=False
  Vertex format: 'BPVTxyznuviiiwwtb' stride=40 count=12077 BPVT=True real_normals=False bones=True tangents=True uv2=False flip_z=False
  UV2 SUMMARY: 2 of 4 group(s) carry a second UV set (via interleaved format OR sidecar .uv2 section):
    + track_L_Shape
    + track_R_Shape
  Distinct vertex formats in this file: 'BPVTxyznuviiiwwtb'
[PkgExtractor] Chassis.primitives_processed <- vehicles_level_09-part2.pkg

Found 4 primitive group(s):
  [+v +i -u2 -c] chassis_L_Shape
  [+v +i -u2 -c] chassis_R_Shape
  [+v +i +u2 -c] track_L_Shape
  [+v +i +u2 -c] track_R_Shape
  Vertex format: 'BPVTxyznuviiiwwtb' stride=40 count=4745 BPVT=True real_normals=False bones=True tangents=True uv2=False flip_z=False
  Vertex format: 'BPVTxyznuviiiwwtb' stride=40 count=4745 BPVT=True real_normals=False bones=True tangents=True uv2=False flip_z=False
  Vertex format: 'BPVTxyznuviiiwwtb' stride=40 count=1100 BPVT=True real_normals=False bones=True tangents=True uv2=False flip_z=False
  [uv2] 'track_L_Shape': format='BPVSuv2'  count=1100  body_offset=136  -- parsed sidecar UV2 section
  Vertex format: 'BPVTxyznuviiiwwtb' stride=40 count=1100 BPVT=True real_normals=False bones=True tangents=True uv2=False flip_z=False
  [uv2] 'track_R_Shape': format='BPVSuv2'  count=1100  body_offset=136  -- parsed sidecar UV2 section
  UV2 SUMMARY: 2 of 4 group(s) carry a second UV set (via interleaved format OR sidecar .uv2 section):
    + track_L_Shape
    + track_R_Shape
  Distinct vertex formats in this file: 'BPVTxyznuviiiwwtb'
[PkgExtractor] Chassis.primitives_processed <- vehicles_level_09-part1.pkg

Found 4 primitive group(s):
  [+v +i +u2 -c] track_R_Shape
  [+v +i +u2 -c] track_L_Shape
  [+v +i -u2 -c] exportChassL1_Shape
  [+v +i -u2 -c] exportChassR1_Shape
  Vertex format: 'BPVTxyznuviiiwwtb' stride=40 count=1616 BPVT=True real_normals=False bones=True tangents=True uv2=False flip_z=False
  [uv2] 'track_R_Shape': format='BPVSuv2'  count=1616  body_offset=136  -- parsed sidecar UV2 section
  Vertex format: 'BPVTxyznuviiiwwtb' stride=40 count=1616 BPVT=True real_normals=False bones=True tangents=True uv2=False flip_z=False
  [uv2] 'track_L_Shape': format='BPVSuv2'  count=1616  body_offset=136  -- parsed sidecar UV2 section
  Vertex format: 'BPVTxyznuviiiwwtb' stride=40 count=10477 BPVT=True real_normals=False bones=True tangents=True uv2=False flip_z=False
  Vertex format: 'BPVTxyznuviiiwwtb' stride=40 count=10477 BPVT=True real_normals=False bones=True tangents=True uv2=False flip_z=False
  UV2 SUMMARY: 2 of 4 group(s) carry a second UV set (via interleaved format OR sidecar .uv2 section):
    + track_R_Shape
    + track_L_Shape
  Distinct vertex formats in this file: 'BPVTxyznuviiiwwtb'
[PkgExtractor] Chassis.primitives_processed <- vehicles_level_09-part2.pkg

Found 4 primitive group(s):
  [+v +i +u2 -c] track_L_Shape
  [+v +i +u2 -c] track_R_Shape
  [+v +i -u2 -c] exportChassL1_Shape
  [+v +i -u2 -c] exportChassR1_Shape
  Vertex format: 'BPVTxyznuviiiwwtb' stride=40 count=1096 BPVT=True real_normals=False bones=True tangents=True uv2=False flip_z=False
  [uv2] 'track_L_Shape': format='BPVSuv2'  count=1096  body_offset=136  -- parsed sidecar UV2 section
  Vertex format: 'BPVTxyznuviiiwwtb' stride=40 count=1096 BPVT=True real_normals=False bones=True tangents=True uv2=False flip_z=False
  [uv2] 'track_R_Shape': format='BPVSuv2'  count=1096  body_offset=136  -- parsed sidecar UV2 section
  Vertex format: 'BPVTxyznuviiiwwtb' stride=40 count=4826 BPVT=True real_normals=False bones=True tangents=True uv2=False flip_z=False
  Vertex format: 'BPVTxyznuviiiwwtb' stride=40 count=4826 BPVT=True real_normals=False bones=True tangents=True uv2=False flip_z=False
  UV2 SUMMARY: 2 of 4 group(s) carry a second UV set (via interleaved format OR sidecar .uv2 section):
    + track_L_Shape
    + track_R_Shape
  Distinct vertex formats in this file: 'BPVTxyznuviiiwwtb'
[PkgExtractor] Chassis.primitives_processed <- vehicles_level_09-part1.pkg

Found 4 primitive group(s):
  [+v +i +u2 -c] track_R_Shape
  [+v +i +u2 -c] track_L_Shape
  [+v +i -u2 -c] exportChassL1_Shape
  [+v +i -u2 -c] exportChassR1_Shape
  Vertex format: 'BPVTxyznuviiiwwtb' stride=40 count=1792 BPVT=True real_normals=False bones=True tangents=True uv2=False flip_z=False
  [uv2] 'track_R_Shape': format='BPVSuv2'  count=1792  body_offset=136  -- parsed sidecar UV2 section
  Vertex format: 'BPVTxyznuviiiwwtb' stride=40 count=1792 BPVT=True real_normals=False bones=True tangents=True uv2=False flip_z=False
  [uv2] 'track_L_Shape': format='BPVSuv2'  count=1792  body_offset=136  -- parsed sidecar UV2 section
  Vertex format: 'BPVTxyznuviiiwwtb' stride=40 count=5258 BPVT=True real_normals=False bones=True tangents=True uv2=False flip_z=False
  Vertex format: 'BPVTxyznuviiiwwtb' stride=40 count=5258 BPVT=True real_normals=False bones=True tangents=True uv2=False flip_z=False
  UV2 SUMMARY: 2 of 4 group(s) carry a second UV set (via interleaved format OR sidecar .uv2 section):
    + track_R_Shape
    + track_L_Shape
  Distinct vertex formats in this file: 'BPVTxyznuviiiwwtb'
[PkgExtractor] Chassis.primitives_processed <- vehicles_level_09-part1.pkg

Found 4 primitive group(s):
  [+v +i +u2 -c] track_L_Shape
  [+v +i +u2 -c] track_R_Shape
  [+v +i -u2 -c] exportChassL1_Shape
  [+v +i -u2 -c] exportChassR1_Shape
  Vertex format: 'BPVTxyznuviiiwwtb' stride=40 count=1168 BPVT=True real_normals=False bones=True tangents=True uv2=False flip_z=False
  [uv2] 'track_L_Shape': format='BPVSuv2'  count=1168  body_offset=136  -- parsed sidecar UV2 section
  Vertex format: 'BPVTxyznuviiiwwtb' stride=40 count=1168 BPVT=True real_normals=False bones=True tangents=True uv2=False flip_z=False
  [uv2] 'track_R_Shape': format='BPVSuv2'  count=1168  body_offset=136  -- parsed sidecar UV2 section
  Vertex format: 'BPVTxyznuviiiwwtb' stride=40 count=8937 BPVT=True real_normals=False bones=True tangents=True uv2=False flip_z=False
  Vertex format: 'BPVTxyznuviiiwwtb' stride=40 count=8932 BPVT=True real_normals=False bones=True tangents=True uv2=False flip_z=False
  UV2 SUMMARY: 2 of 4 group(s) carry a second UV set (via interleaved format OR sidecar .uv2 section):
    + track_L_Shape
    + track_R_Shape
  Distinct vertex formats in this file: 'BPVTxyznuviiiwwtb'
[PkgExtractor] Chassis.primitives_processed <- vehicles_level_09-part2.pkg

Found 6 primitive group(s):
  [+v +i -u2 -c] chassis_L_Shape
  [+v +i -u2 -c] chassis_R_Shape
  [+v +i +u2 -c] track_L_Shape
  [+v +i +u2 -c] track_R_Shape
  [+v +i -u2 -c] wd_L01Shape1
  [+v +i -u2 -c] wd_R01Shape1
  Vertex format: 'BPVTxyznuviiiwwtb' stride=40 count=1998 BPVT=True real_normals=False bones=True tangents=True uv2=False flip_z=False
  Vertex format: 'BPVTxyznuviiiwwtb' stride=40 count=1998 BPVT=True real_normals=False bones=True tangents=True uv2=False flip_z=False
  Vertex format: 'BPVTxyznuviiiwwtb' stride=40 count=1654 BPVT=True real_normals=False bones=True tangents=True uv2=False flip_z=False
  [uv2] 'track_L_Shape': format='BPVSuv2'  count=1654  body_offset=136  -- parsed sidecar UV2 section
  Vertex format: 'BPVTxyznuviiiwwtb' stride=40 count=1542 BPVT=True real_normals=False bones=True tangents=True uv2=False flip_z=False
  [uv2] 'track_R_Shape': format='BPVSuv2'  count=1542  body_offset=136  -- parsed sidecar UV2 section
  Vertex format: 'BPVTxyznuviiiwwtb' stride=40 count=6338 BPVT=True real_normals=False bones=True tangents=True uv2=False flip_z=False
  Vertex format: 'BPVTxyznuviiiwwtb' stride=40 count=6336 BPVT=True real_normals=False bones=True tangents=True uv2=False flip_z=False
  UV2 SUMMARY: 2 of 6 group(s) carry a second UV set (via interleaved format OR sidecar .uv2 section):
    + track_L_Shape
    + track_R_Shape
  Distinct vertex formats in this file: 'BPVTxyznuviiiwwtb'
[PkgExtractor] Chassis.primitives_processed <- vehicles_level_10-part3.pkg

Found 4 primitive group(s):
  [+v +i -u2 -c] chassis_L_Shape
  [+v +i -u2 -c] chassis_R_Shape
  [+v +i +u2 -c] track_L_Shape
  [+v +i +u2 -c] track_R_Shape
  Vertex format: 'BPVTxyznuviiiwwtb' stride=40 count=4714 BPVT=True real_normals=False bones=True tangents=True uv2=False flip_z=False
  Vertex format: 'BPVTxyznuviiiwwtb' stride=40 count=4714 BPVT=True real_normals=False bones=True tangents=True uv2=False flip_z=False
  Vertex format: 'BPVTxyznuviiiwwtb' stride=40 count=810 BPVT=True real_normals=False bones=True tangents=True uv2=False flip_z=False
  [uv2] 'track_L_Shape': format='BPVSuv2'  count=810  body_offset=136  -- parsed sidecar UV2 section
  Vertex format: 'BPVTxyznuviiiwwtb' stride=40 count=810 BPVT=True real_normals=False bones=True tangents=True uv2=False flip_z=False
  [uv2] 'track_R_Shape': format='BPVSuv2'  count=810  body_offset=136  -- parsed sidecar UV2 section
  UV2 SUMMARY: 2 of 4 group(s) carry a second UV set (via interleaved format OR sidecar .uv2 section):
    + track_L_Shape
    + track_R_Shape
  Distinct vertex formats in this file: 'BPVTxyznuviiiwwtb'
[PkgExtractor] Chassis.primitives_processed <- vehicles_level_10-part2.pkg

Found 4 primitive group(s):
  [+v +i +u2 -c] track_R_Shape
  [+v +i +u2 -c] track_L_Shape
  [+v +i -u2 -c] exportChassL1_Shape
  [+v +i -u2 -c] exportChassR1_Shape
  Vertex format: 'BPVTxyznuviiiwwtb' stride=40 count=1062 BPVT=True real_normals=False bones=True tangents=True uv2=False flip_z=False
  [uv2] 'track_R_Shape': format='BPVSuv2'  count=1062  body_offset=136  -- parsed sidecar UV2 section
  Vertex format: 'BPVTxyznuviiiwwtb' stride=40 count=1062 BPVT=True real_normals=False bones=True tangents=True uv2=False flip_z=False
  [uv2] 'track_L_Shape': format='BPVSuv2'  count=1062  body_offset=136  -- parsed sidecar UV2 section
  Vertex format: 'BPVTxyznuviiiwwtb' stride=40 count=9320 BPVT=True real_normals=False bones=True tangents=True uv2=False flip_z=False
  Vertex format: 'BPVTxyznuviiiwwtb' stride=40 count=9328 BPVT=True real_normals=False bones=True tangents=True uv2=False flip_z=False
  UV2 SUMMARY: 2 of 4 group(s) carry a second UV set (via interleaved format OR sidecar .uv2 section):
    + track_R_Shape
    + track_L_Shape
  Distinct vertex formats in this file: 'BPVTxyznuviiiwwtb'
[PkgExtractor] Chassis.primitives_processed <- vehicles_level_10-part3.pkg

Found 4 primitive group(s):
  [+v +i +u2 -c] track_L_Shape
  [+v +i +u2 -c] track_R_Shape
  [+v +i -u2 -c] exportChassL1_Shape
  [+v +i -u2 -c] exportChassR1_Shape
  Vertex format: 'BPVTxyznuviiiwwtb' stride=40 count=1147 BPVT=True real_normals=False bones=True tangents=True uv2=False flip_z=False
  [uv2] 'track_L_Shape': format='BPVSuv2'  count=1147  body_offset=136  -- parsed sidecar UV2 section
  Vertex format: 'BPVTxyznuviiiwwtb' stride=40 count=1147 BPVT=True real_normals=False bones=True tangents=True uv2=False flip_z=False
  [uv2] 'track_R_Shape': format='BPVSuv2'  count=1147  body_offset=136  -- parsed sidecar UV2 section
  Vertex format: 'BPVTxyznuviiiwwtb' stride=40 count=5712 BPVT=True real_normals=False bones=True tangents=True uv2=False flip_z=False
  Vertex format: 'BPVTxyznuviiiwwtb' stride=40 count=5712 BPVT=True real_normals=False bones=True tangents=True uv2=False flip_z=False
  UV2 SUMMARY: 2 of 4 group(s) carry a second UV set (via interleaved format OR sidecar .uv2 section):
    + track_L_Shape
    + track_R_Shape
  Distinct vertex formats in this file: 'BPVTxyznuviiiwwtb'
  [650/1215] 45.6s, 14.3 tanks/s, flags={'ERR': 462, 'ALLSHP': 187, 'ASYM': 1, 'NOTRK': 1}
[PkgExtractor] Chassis.primitives_processed <- vehicles_level_11.pkg

Found 4 primitive group(s):
  [+v +i +u2 -c] track_L_Shape
  [+v +i +u2 -c] track_R_Shape
  [+v +i -u2 -c] chassis_LShape
  [+v +i -u2 -c] chassis_RShape
  Vertex format: 'BPVTxyznuviiiwwtb' stride=40 count=1298 BPVT=True real_normals=False bones=True tangents=True uv2=False flip_z=False
  [uv2] 'track_L_Shape': format='BPVSuv2'  count=1298  body_offset=136  -- parsed sidecar UV2 section
  Vertex format: 'BPVTxyznuviiiwwtb' stride=40 count=1298 BPVT=True real_normals=False bones=True tangents=True uv2=False flip_z=False
  [uv2] 'track_R_Shape': format='BPVSuv2'  count=1298  body_offset=136  -- parsed sidecar UV2 section
  Vertex format: 'BPVTxyznuviiiwwtb' stride=40 count=13764 BPVT=True real_normals=False bones=True tangents=True uv2=False flip_z=False
  Vertex format: 'BPVTxyznuviiiwwtb' stride=40 count=13764 BPVT=True real_normals=False bones=True tangents=True uv2=False flip_z=False
  UV2 SUMMARY: 2 of 4 group(s) carry a second UV set (via interleaved format OR sidecar .uv2 section):
    + track_L_Shape
    + track_R_Shape
  Distinct vertex formats in this file: 'BPVTxyznuviiiwwtb'
  [700/1215] 45.9s, 15.2 tanks/s, flags={'ERR': 511, 'ALLSHP': 188, 'ASYM': 1, 'NOTRK': 1}
  [750/1215] 45.9s, 16.3 tanks/s, flags={'ERR': 561, 'ALLSHP': 188, 'ASYM': 1, 'NOTRK': 1}
  [800/1215] 45.9s, 17.4 tanks/s, flags={'ERR': 611, 'ALLSHP': 188, 'ASYM': 1, 'NOTRK': 1}
  [850/1215] 45.9s, 18.5 tanks/s, flags={'ERR': 661, 'ALLSHP': 188, 'ASYM': 1, 'NOTRK': 1}
  [900/1215] 45.9s, 19.6 tanks/s, flags={'ERR': 711, 'ALLSHP': 188, 'ASYM': 1, 'NOTRK': 1}
  [950/1215] 45.9s, 20.7 tanks/s, flags={'ERR': 761, 'ALLSHP': 188, 'ASYM': 1, 'NOTRK': 1}
  [1000/1215] 45.9s, 21.8 tanks/s, flags={'ERR': 811, 'ALLSHP': 188, 'ASYM': 1, 'NOTRK': 1}
  [1050/1215] 45.9s, 22.9 tanks/s, flags={'ERR': 861, 'ALLSHP': 188, 'ASYM': 1, 'NOTRK': 1}
  [1100/1215] 45.9s, 24.0 tanks/s, flags={'ERR': 911, 'ALLSHP': 188, 'ASYM': 1, 'NOTRK': 1}
  [1150/1215] 45.9s, 25.0 tanks/s, flags={'ERR': 961, 'ALLSHP': 188, 'ASYM': 1, 'NOTRK': 1}
  [1200/1215] 45.9s, 26.1 tanks/s, flags={'ERR': 1011, 'ALLSHP': 188, 'ASYM': 1, 'NOTRK': 1}
DONE in 45.9s -- C:\experiment\chassis_track_scan.txt
  flag totals: {'ERR': 1026, 'ALLSHP': 188, 'ASYM': 1, 'NOTRK': 1}
  errors     : 1026
  total tanks: 1215

--- Suspect previews (first 10 per flag) ---

ASYM: 1 tank(s)
  [japan] J12_Chi_Nu_Kai                 Type 3 Chi-Nu Kai              flags=ASYM,ALLSHP  sections=[track_RShape]

HALF: 0 tank(s)

ALLSHP: 188 tank(s)
  [czech] Cz06_Kolohousenka              Kolohousenka                   flags=ALLSHP  sections=[track_RShape,track_LShape]
  [czech] Cz03_LT_vz35                   LT vz. 35                      flags=ALLSHP  sections=[track_L_Shape,track_R_Shape]
  [czech] Cz10_LT_vz38                   LT vz. 38                      flags=ALLSHP  sections=[track_RShape4,track_LShape4]
  [czech] Cz29_Pzw_39                    Panzerwagen 39                 flags=ALLSHP  sections=[track_R_Shape,track_L_Shape]
  [czech] Cz11_V_8_H                     ST vz. 39                      flags=ALLSHP  sections=[track_RShape,track_LShape]
  [czech] Cz22_Skoda_T_15A               Škoda T 15A                    flags=ALLSHP  sections=[track_R_Shape,track_L_Shape]
  [czech] Cz09_T_24                      Škoda T 24                     flags=ALLSHP  sections=[track_RShape,track_LShape]
  [czech] Cz01_Skoda_T40                 Škoda T 40                     flags=ALLSHP  sections=[track_RShape4,track_LShape4]
  [czech] Cz08_T_25                      Škoda T 25                     flags=ALLSHP  sections=[track_RShape,track_LShape]
  [czech] Cz05_T34_100                   Konštrukta T-34/100            flags=ALLSHP  sections=[track_R_Shape_split_1,track_R_Shape_split_0,track_L_Shape_split_1,track_L_Shape_]

NOTRK: 1 tank(s)
  [japan] J51_Ashigaru                   Ashigaru                       flags=NOTRK  sections=[]

ERR: 1026 tank(s)
  [china] Ch00_ClingeBot_SH              Clinger                        flags=ERR  sections=[]
  [china] Ch06_Renault_NC31              Renault NC-31                  flags=ERR  sections=[]
  [china] Ch24_Type64_SH                 Bái Láng                       flags=ERR  sections=[]
  [china] Ch07_Vickers_MkE_Type_BT26     Vickers Mk. E Type B           flags=ERR  sections=[]
  [china] Ch30_T-26G_FT                  T-26G FT                       flags=ERR  sections=[]
  [china] Ch53_T_26_China                T-26 CN                        flags=ERR  sections=[]
  [china] Ch60_Vickers_TypeB             Vickers 6 ton                  flags=ERR  sections=[]
  [china] Ch08_Type97_Chi_Ha             Type 2597 Chi-Ha               flags=ERR  sections=[]
  [china] Ch31_M3G_FT                    M3G FT                         flags=ERR  sections=[]
  [china] Ch09_M5                        M5A1 Stuart                    flags=ERR  sections=[]
